420.0,417.75,415.75,413.5,411.25,409.25,407.0,405.0,403.0,401.0,399.0,397.0,395.0,393.0,391.25,389.25,387.5,385.5,383.75,382.0,380.25,378.25,376.5,374.75,373.25,371.5,369.75,368.0,366.5,364.75,363.25,361.5,360.0,358.25,356.75,355.25,353.75,352.25,350.75,349.25,347.75,346.25,344.75,343.5,342.0,340.5,339.25,337.75,336.5,335.0,333.75,332.5,331.0,329.75,328.5,327.25,326.0,324.75,323.5,322.25,321.0,319.75,318.5,317.25,316.25,315.0,313.75,312.75,311.5,310.25,309.25,308.0,307.0,305.75,304.75,303.75,302.5,301.5,300.5,299.5,298.25,297.25,296.25,295.25,294.25,293.25,292.25,291.25,290.25,289.25,288.25,287.5,286.5,285.5,284.75,283.75,282.75,282.0,281.0,280.0,279.25
418.25,416.0,413.75,411.5,409.5,407.25,405.25,403.25,401.25,399.25,397.25,395.25,393.25,391.25,389.5,387.5,385.5,383.75,382.0,380.25,378.25,376.5,374.75,373.0,371.5,369.75,368.0,366.25,364.5,363.0,361.5,359.75,358.25,356.75,355.25,353.5,352.0,350.5,349.0,347.5,346.0,344.75,343.25,341.75,340.25,339.0,337.5,336.25,334.75,333.5,332.0,330.75,329.5,328.25,327.0,325.5,324.25,323.0,321.75,320.5,319.25,318.25,317.0,315.75,314.5,313.5,312.25,311.0,310.0,308.75,307.75,306.5,305.5,304.25,303.25,302.25,301.0,300.0,299.0,298.0,297.0,296.0,294.75,293.75,293.0,291.75,290.75,290.0,289.0,288.0,287.0,286.0,285.0,284.25,283.25,282.25,281.5,280.5,279.5,278.75,277.75
416.25,414.0,412.0,409.75,407.75,405.5,403.5,401.25,399.25,397.25,395.25,393.25,391.5,389.5,387.5,385.75,383.75,382.0,380.25,378.5,376.5,374.75,373.0,371.25,369.5,368.0,366.25,364.5,363.0,361.25,359.75,358.0,356.5,355.0,353.5,352.0,350.25,348.75,347.25,346.0,344.5,343.0,341.5,340.0,338.75,337.25,335.75,334.5,333.25,331.75,330.5,329.25,327.75,326.5,325.25,324.0,322.75,321.5,320.25,319.0,317.75,316.5,315.5,314.25,313.0,311.75,310.75,309.5,308.5,307.25,306.25,305.0,304.0,303.0,301.75,300.75,299.5,298.5,297.5,296.5,295.5,294.5,293.5,292.25,291.25,290.5,289.5,288.5,287.5,286.5,285.5,284.75,283.75,282.75,282.0,281.0,280.0,279.0,278.25,277.25,276.5
414.5,412.25,410.0,408.0,405.75,403.75,401.5,399.5,397.5,395.5,393.5,391.5,389.5,387.75,385.75,384.0,382.0,380.25,378.5,376.5,374.75,373.0,371.25,369.5,367.75,366.0,364.5,362.75,361.25,359.5,358.0,356.25,354.75,353.25,351.75,350.0,348.5,347.25,345.75,344.25,342.75,341.25,339.75,338.5,337.0,335.75,334.25,332.75,331.5,330.25,328.75,327.5,326.25,325.0,323.75,322.25,321.25,319.75,318.75,317.5,316.25,315.0,313.75,312.5,311.5,310.25,309.25,308.0,306.75,305.75,304.75,303.5,302.5,301.25,300.25,299.25,298.0,297.25,296.0,295.0,294.0,293.0,292.0,290.75,290.0,289.0,288.0,287.0,286.0,285.0,284.25,283.25,282.25,281.5,280.5,279.5,278.75,277.75,276.75,276.0,275.0
412.5,410.5,408.0,406.0,403.75,401.75,399.75,397.75,395.5,393.5,391.5,389.5,387.75,385.75,384.0,382.0,380.25,378.5,376.5,374.75,373.0,371.25,369.5,367.75,366.0,364.25,362.75,361.0,359.5,357.75,356.25,354.75,353.0,351.5,350.0,348.5,347.0,345.5,344.0,342.5,341.0,339.5,338.25,336.75,335.25,334.0,332.5,331.25,329.75,328.5,327.25,326.0,324.5,323.25,322.0,320.75,319.5,318.25,317.0,315.75,314.75,313.5,312.25,311.0,310.0,308.75,307.5,306.5,305.25,304.25,303.0,302.0,301.0,299.75,298.75,297.75,296.75,295.5,294.5,293.5,292.5,291.5,290.5,289.5,288.5,287.5,286.5,285.5,284.75,283.75,282.75,281.75,281.0,280.0,279.0,278.0,277.25,276.25,275.5,274.5,273.75
410.5,408.5,406.25,404.25,402.0,400.0,397.75,395.75,393.75,391.75,389.75,387.75,386.0,384.0,382.0,380.25,378.25,376.5,374.75,373.0,371.0,369.5,367.75,366.0,364.25,362.5,361.0,359.25,357.5,356.0,354.5,352.75,351.25,349.75,348.25,346.75,345.25,343.75,342.25,340.75,339.25,338.0,336.5,335.0,333.75,332.25,331.0,329.5,328.25,327.0,325.5,324.25,323.0,321.75,320.5,319.25,318.0,316.75,315.5,314.25,313.0,311.75,310.75,309.5,308.25,307.25,306.0,305.0,303.75,302.75,301.5,300.5,299.5,298.25,297.25,296.25,295.25,294.0,293.0,292.0,291.0,290.0,289.0,288.0,287.0,286.0,285.25,284.25,283.25,282.25,281.25,280.5,279.5,278.5,277.75,276.75,276.0,275.0,274.0,273.25,272.25
408.75,406.5,404.5,402.25,400.25,398.0,396.0,394.0,392.0,389.75,388.0,386.0,384.0,382.0,380.25,378.5,376.5,374.75,373.0,371.25,369.5,367.5,366.0,364.25,362.5,360.75,359.25,357.5,355.75,354.25,352.75,351.25,349.5,348.0,346.5,345.0,343.5,342.0,340.5,339.0,337.5,336.25,334.75,333.5,332.0,330.5,329.25,328.0,326.5,325.25,324.0,322.75,321.5,320.25,318.75,317.5,316.25,315.0,314.0,312.75,311.5,310.25,309.0,308.0,306.75,305.5,304.5,303.5,302.25,301.25,300.0,299.0,298.0,296.75,295.75,294.75,293.75,292.75,291.5,290.5,289.5,288.5,287.5,286.5,285.75,284.75,283.75,282.75,281.75,280.75,280.0,279.0,278.0,277.25,276.25,275.25,274.5,273.5,272.75,272.0,271.0
406.75,404.5,402.5,400.25,398.25,396.25,394.0,392.0,390.0,388.0,386.0,384.0,382.25,380.25,378.5,376.5,374.75,373.0,371.0,369.25,367.5,365.75,364.0,362.5,360.75,359.0,357.25,355.75,354.0,352.5,351.0,349.5,347.75,346.25,344.75,343.25,341.75,340.25,338.75,337.25,336.0,334.5,333.0,331.75,330.25,329.0,327.5,326.25,325.0,323.5,322.25,321.0,319.75,318.5,317.25,316.0,314.75,313.5,312.25,311.0,310.0,308.75,307.5,306.5,305.25,304.0,303.0,301.75,300.75,299.75,298.5,297.5,296.5,295.25,294.25,293.25,292.0,291.25,290.0,289.0,288.25,287.25,286.0,285.25,284.25,283.25,282.25,281.25,280.25,279.5,278.5,277.5,276.75,275.75,275.0,274.0,273.25,272.25,271.25,270.5,269.75
405.0,402.75,400.5,398.5,396.25,394.25,392.25,390.25,388.25,386.25,384.25,382.25,380.25,378.5,376.5,374.75,372.75,371.0,369.25,367.5,365.75,364.0,362.25,360.5,359.0,357.25,355.75,354.0,352.25,350.75,349.25,347.75,346.0,344.5,343.0,341.5,340.0,338.5,337.0,335.75,334.25,332.75,331.25,330.0,328.75,327.25,326.0,324.75,323.25,322.0,320.75,319.5,318.0,316.75,315.75,314.25,313.25,312.0,310.75,309.5,308.25,307.25,306.0,304.75,303.75,302.5,301.5,300.25,299.25,298.0,297.0,295.75,294.75,293.75,292.75,291.75,290.75,289.75,288.75,287.75,286.5,285.75,284.75,283.75,282.75,281.75,280.75,280.0,279.0,278.0,277.0,276.25,275.25,274.5,273.5,272.5,271.75,270.75,270.0,269.25,268.25
403.0,400.75,398.75,396.5,394.5,392.25,390.25,388.25,386.25,384.25,382.25,380.5,378.5,376.5,374.75,372.75,371.0,369.25,367.5,365.75,364.0,362.25,360.5,358.75,357.0,355.5,354.0,352.25,350.5,349.0,347.5,345.75,344.25,342.75,341.25,339.75,338.25,336.75,335.25,334.0,332.5,331.25,329.75,328.25,327.0,325.5,324.25,323.0,321.5,320.25,319.0,317.75,316.5,315.25,314.0,312.75,311.5,310.25,309.0,308.0,306.75,305.5,304.5,303.25,302.0,301.0,299.75,298.75,297.75,296.5,295.5,294.5,293.25,292.25,291.25,290.25,289.25,288.25,287.25,286.25,285.25,284.25,283.25,282.25,281.25,280.25,279.25,278.5,277.5,276.75,275.75,274.75,273.75,273.0,272.0,271.25,270.5,269.5,268.75,267.75,267.0
401.0,399.0,396.75,394.5,392.5,390.5,388.5,386.25,384.25,382.5,380.5,378.5,376.5,374.75,372.75,371.0,369.25,367.5,365.75,363.75,362.0,360.25,358.75,357.0,355.25,353.5,352.0,350.25,348.75,347.25,345.5,344.0,342.5,341.0,339.5,338.0,336.5,335.25,333.75,332.25,330.75,329.5,328.0,326.75,325.25,324.0,322.5,321.25,320.0,318.75,317.25,316.0,315.0,313.5,312.25,311.0,310.0,308.75,307.5,306.25,305.0,304.0,302.75,301.75,300.5,299.5,298.25,297.25,296.0,295.0,294.0,293.0,291.75,290.75,289.75,288.75,287.75,286.75,285.75,284.75,283.75,282.75,281.75,280.75,279.75,279.0,278.0,277.0,276.0,275.25,274.25,273.5,272.5,271.5,270.75,270.0,269.0,268.0,267.25,266.5,265.5
399.25,397.0,394.75,392.75,390.5,388.5,386.5,384.5,382.5,380.5,378.5,376.75,374.75,372.75,371.0,369.25,367.25,365.5,363.75,362.0,360.25,358.5,356.75,355.25,353.5,352.0,350.25,348.5,347.0,345.5,343.75,342.25,340.75,339.25,337.75,336.25,334.75,333.5,332.0,330.5,329.0,327.75,326.25,325.0,323.5,322.25,321.0,319.5,318.25,317.0,315.75,314.5,313.25,312.0,310.75,309.5,308.25,307.0,305.75,304.75,303.5,302.25,301.25,300.0,299.0,297.75,296.75,295.5,294.5,293.5,292.5,291.25,290.25,289.25,288.25,287.25,286.25,285.25,284.25,283.25,282.25,281.25,280.25,279.25,278.25,277.5,276.5,275.5,274.75,273.75,272.75,272.0,271.0,270.25,269.25,268.5,267.5,266.75,265.75,265.0,264.25
397.25,395.0,393.0,390.75,388.75,386.5,384.5,382.5,380.5,378.5,376.75,374.75,372.75,371.0,369.0,367.25,365.5,363.75,362.0,360.25,358.25,356.5,355.0,353.25,351.75,350.0,348.5,346.75,345.25,343.75,342.0,340.5,339.0,337.5,336.0,334.5,333.0,331.75,330.25,328.75,327.25,326.0,324.5,323.25,322.0,320.5,319.25,318.0,316.5,315.25,314.0,312.75,311.5,310.25,309.0,307.75,306.75,305.5,304.25,303.25,302.0,300.75,299.75,298.5,297.5,296.25,295.25,294.0,293.0,292.0,291.0,289.75,288.75,287.75,286.75,285.75,284.75,283.75,282.75,281.75,280.75,279.75,278.75,277.75,277.0,276.0,275.0,274.25,273.25,272.25,271.5,270.5,269.75,268.75,268.0,267.0,266.25,265.25,264.5,263.75,262.75
395.25,393.0,391.0,388.75,386.75,384.75,382.5,380.5,378.75,376.75,374.75,372.75,371.0,369.0,367.25,365.5,363.5,361.75,360.0,358.25,356.5,354.75,353.25,351.5,349.75,348.25,346.5,345.0,343.25,341.75,340.25,338.75,337.25,335.75,334.25,332.75,331.25,329.75,328.5,327.0,325.75,324.25,323.0,321.5,320.25,318.75,317.5,316.25,315.0,313.75,312.5,311.0,310.0,308.5,307.5,306.25,305.0,303.75,302.5,301.5,300.25,299.25,298.0,297.0,295.75,294.75,293.75,292.5,291.5,290.5,289.25,288.25,287.25,286.25,285.25,284.25,283.25,282.25,281.25,280.25,279.25,278.25,277.25,276.5,275.5,274.5,273.5,272.75,271.75,271.0,270.0,269.25,268.25,267.5,266.5,265.75,264.75,264.0,263.0,262.25,261.5
393.25,391.0,389.0,386.75,384.75,382.75,380.75,378.75,376.75,374.75,372.75,371.0,369.0,367.25,365.25,363.5,361.75,360.0,358.25,356.5,354.75,353.0,351.25,349.75,348.0,346.25,344.75,343.25,341.5,340.0,338.5,337.0,335.5,334.0,332.5,331.0,329.5,328.0,326.75,325.25,324.0,322.5,321.25,319.75,318.5,317.25,315.75,314.5,313.25,312.0,310.75,309.5,308.25,307.0,305.75,304.5,303.5,302.25,301.0,299.75,298.75,297.5,296.5,295.25,294.25,293.25,292.0,291.0,290.0,288.75,287.75,286.75,285.75,284.75,283.75,282.75,281.75,280.75,279.75,278.75,277.75,276.75,276.0,275.0,274.0,273.0,272.25,271.25,270.25,269.5,268.5,267.75,266.75,266.0,265.25,264.25,263.5,262.5,261.75,261.0,260.0
391.25,389.0,387.0,385.0,382.75,380.75,378.75,376.75,374.75,372.75,370.75,369.0,367.0,365.25,363.5,361.5,359.75,358.0,356.25,354.5,352.75,351.25,349.5,347.75,346.25,344.5,343.0,341.25,339.75,338.25,336.75,335.25,333.75,332.25,330.75,329.25,327.75,326.25,325.0,323.5,322.25,320.75,319.5,318.0,316.75,315.5,314.0,312.75,311.5,310.25,309.0,307.75,306.5,305.25,304.25,303.0,301.75,300.5,299.25,298.25,297.25,296.0,295.0,293.75,292.75,291.5,290.5,289.5,288.25,287.25,286.25,285.25,284.25,283.25,282.25,281.25,280.25,279.25,278.25,277.25,276.25,275.25,274.5,273.5,272.5,271.5,270.75,269.75,269.0,268.0,267.25,266.25,265.5,264.5,263.75,263.0,262.0,261.25,260.25,259.5,258.75
389.25,387.0,385.0,383.0,380.75,378.75,376.75,374.75,372.75,370.75,369.0,367.0,365.25,363.25,361.5,359.75,358.0,356.25,354.5,352.75,351.0,349.25,347.5,346.0,344.25,342.75,341.0,339.5,338.0,336.25,335.0,333.25,332.0,330.25,329.0,327.5,326.0,324.5,323.25,321.75,320.5,319.0,317.75,316.25,315.25,313.75,312.5,311.0,309.75,308.75,307.5,306.25,305.0,303.75,302.5,301.25,300.25,299.0,297.75,296.75,295.5,294.5,293.25,292.25,291.0,290.0,289.0,288.0,286.75,285.75,284.75,283.75,282.75,281.75,280.5,279.75,278.75,277.75,276.75,275.75,274.75,274.0,273.0,272.0,271.25,270.25,269.25,268.5,267.5,266.75,265.75,265.0,264.0,263.25,262.25,261.5,260.75,259.75,259.0,258.25,257.5
387.25,385.25,383.0,381.0,378.75,376.75,374.75,372.75,370.75,369.0,367.0,365.25,363.25,361.5,359.5,357.75,356.0,354.25,352.5,350.75,349.25,347.5,345.75,344.0,342.5,341.0,339.25,337.75,336.0,334.5,333.0,331.5,330.0,328.75,327.25,325.75,324.25,323.0,321.5,320.0,318.75,317.25,316.0,314.75,313.25,312.0,310.75,309.5,308.25,307.0,305.75,304.5,303.25,302.0,300.75,299.75,298.5,297.25,296.25,295.0,294.0,292.75,291.75,290.5,289.5,288.5,287.25,286.25,285.25,284.25,283.25,282.0,281.25,280.25,279.25,278.25,277.25,276.25,275.25,274.25,273.25,272.5,271.5,270.5,269.75,268.75,267.75,267.0,266.0,265.25,264.25,263.5,262.75,261.75,261.0,260.0,259.25,258.5,257.75,256.75,256.0
385.25,383.0,381.0,379.0,376.75,374.75,372.75,370.75,368.75,367.0,365.0,363.0,361.25,359.5,357.75,355.75,354.0,352.25,350.5,349.0,347.25,345.5,344.0,342.25,340.5,339.0,337.25,335.75,334.25,332.75,331.25,329.75,328.25,326.75,325.25,324.0,322.5,321.0,319.75,318.25,317.0,315.5,314.25,313.0,311.5,310.25,309.0,307.75,306.5,305.25,304.0,302.75,301.5,300.5,299.25,298.0,296.75,295.75,294.5,293.5,292.25,291.25,290.0,289.0,288.0,286.75,285.75,284.75,283.75,282.5,281.5,280.75,279.75,278.75,277.75,276.75,275.75,274.75,273.75,272.75,271.75,271.0,270.0,269.0,268.25,267.25,266.5,265.5,264.75,263.75,263.0,262.0,261.25,260.25,259.5,258.75,258.0,257.0,256.25,255.5,254.75
383.25,381.0,379.0,377.0,375.0,372.75,370.75,368.75,367.0,365.0,363.0,361.25,359.25,357.5,355.75,354.0,352.25,350.5,348.75,347.0,345.25,343.75,342.0,340.25,338.75,337.25,335.5,334.0,332.5,331.0,329.5,328.0,326.5,325.0,323.5,322.25,320.75,319.25,318.0,316.5,315.25,313.75,312.5,311.0,310.0,308.5,307.25,306.0,304.75,303.5,302.25,301.25,300.0,298.75,297.5,296.25,295.25,294.0,293.0,291.75,290.75,289.5,288.5,287.5,286.25,285.25,284.25,283.25,282.25,281.25,280.0,279.0,278.0,277.0,276.0,275.25,274.25,273.25,272.25,271.25,270.5,269.5,268.5,267.75,266.75,266.0,265.0,264.0,263.25,262.25,261.5,260.75,259.75,259.0,258.25,257.5,256.5,255.75,255.0,254.0,253.25
381.25,379.0,377.0,374.75,372.75,370.75,368.75,366.75,365.0,363.0,361.0,359.25,357.5,355.5,353.75,352.0,350.25,348.5,346.75,345.0,343.5,341.75,340.0,338.5,337.0,335.25,333.75,332.25,330.5,329.25,327.5,326.0,324.75,323.25,321.75,320.25,319.0,317.5,316.25,314.75,313.5,312.0,310.75,309.5,308.25,306.75,305.5,304.25,303.0,301.75,300.75,299.5,298.25,297.0,296.0,294.75,293.5,292.5,291.25,290.25,289.0,288.0,287.0,285.75,284.75,283.75,282.75,281.5,280.5,279.5,278.5,277.5,276.5,275.5,274.75,273.75,272.75,271.75,270.75,269.75,269.0,268.0,267.0,266.25,265.25,264.5,263.5,262.75,261.75,261.0,260.0,259.25,258.5,257.5,256.75,256.0,255.0,254.25,253.5,252.75,252.0
379.0,377.0,375.0,372.75,370.75,368.75,366.75,365.0,363.0,361.0,359.25,357.25,355.5,353.5,351.75,350.0,348.25,346.5,344.75,343.25,341.5,339.75,338.25,336.5,335.0,333.5,331.75,330.25,328.75,327.25,325.75,324.25,322.75,321.5,320.0,318.5,317.0,315.75,314.25,313.0,311.75,310.25,309.0,307.75,306.5,305.25,303.75,302.75,301.5,300.25,299.0,297.75,296.5,295.25,294.25,293.0,292.0,290.75,289.75,288.5,287.5,286.25,285.25,284.25,283.25,282.0,281.0,280.0,279.0,278.0,277.0,276.0,275.0,274.0,273.0,272.0,271.25,270.25,269.25,268.25,267.5,266.5,265.75,264.75,263.75,263.0,262.0,261.25,260.5,259.5,258.75,257.75,257.0,256.25,255.25,254.5,253.75,253.0,252.25,251.5,250.5
377.0,375.0,372.75,370.75,368.75,366.75,364.75,362.75,361.0,359.0,357.0,355.25,353.5,351.75,349.75,348.0,346.25,344.5,343.0,341.25,339.5,337.75,336.25,334.75,333.0,331.5,330.0,328.5,327.0,325.25,324.0,322.5,321.0,319.5,318.25,316.75,315.25,314.0,312.5,311.25,310.0,308.5,307.25,306.0,304.75,303.5,302.25,301.0,299.75,298.5,297.25,296.0,295.0,293.75,292.5,291.5,290.25,289.25,288.0,287.0,285.75,284.75,283.75,282.5,281.5,280.5,279.5,278.5,277.5,276.5,275.5,274.5,273.5,272.5,271.5,270.5,269.75,268.75,267.75,266.75,266.0,265.0,264.0,263.25,262.5,261.5,260.75,259.75,259.0,258.0,257.25,256.5,255.5,254.75,254.0,253.25,252.5,251.5,250.75,250.0,249.25
375.0,372.75,370.75,368.75,366.75,364.75,362.75,360.75,359.0,357.0,355.0,353.25,351.5,349.75,348.0,346.0,344.25,342.75,341.0,339.25,337.75,336.0,334.25,332.75,331.25,329.5,328.0,326.5,325.0,323.5,322.0,320.5,319.25,317.75,316.25,315.0,313.5,312.0,310.75,309.5,308.0,306.75,305.5,304.25,303.0,301.75,300.5,299.25,298.0,296.75,295.5,294.5,293.25,292.0,291.0,289.75,288.75,287.5,286.5,285.25,284.25,283.25,282.0,281.0,280.0,279.0,278.0,277.0,276.0,275.0,274.0,273.0,272.0,271.0,270.0,269.0,268.25,267.25,266.25,265.25,264.5,263.5,262.75,261.75,261.0,260.0,259.25,258.25,257.5,256.75,255.75,255.0,254.25,253.5,252.5,251.75,251.0,250.25,249.5,248.75,248.0
372.75,370.75,368.75,366.75,364.5,362.5,360.75,358.75,356.75,355.0,353.0,351.25,349.5,347.75,345.75,344.0,342.5,340.75,339.0,337.25,335.75,334.0,332.5,330.75,329.25,327.75,326.25,324.75,323.25,321.75,320.25,318.75,317.25,316.0,314.5,313.0,311.75,310.25,309.0,307.75,306.5,305.0,303.75,302.5,301.25,300.0,298.75,297.5,296.25,295.0,293.75,292.75,291.5,290.5,289.25,288.0,287.0,286.0,284.75,283.75,282.5,281.5,280.5,279.5,278.25,277.25,276.25,275.25,274.25,273.25,272.25,271.25,270.5,269.5,268.5,267.5,266.75,265.75,264.75,264.0,263.0,262.0,261.25,260.25,259.5,258.75,257.75,257.0,256.0,255.25,254.5,253.5,252.75,252.0,251.25,250.5,249.75,248.75,248.0,247.25,246.5
370.75,368.5,366.5,364.5,362.5,360.5,358.75,356.75,354.75,353.0,351.0,349.25,347.5,345.5,344.0,342.25,340.5,338.75,337.0,335.25,333.75,332.0,330.5,329.0,327.5,325.75,324.25,322.75,321.25,319.75,318.25,317.0,315.5,314.0,312.75,311.25,309.75,308.5,307.25,306.0,304.5,303.25,302.0,300.75,299.5,298.25,297.0,295.75,294.5,293.25,292.25,291.0,289.75,288.75,287.5,286.5,285.25,284.25,283.0,282.0,281.0,280.0,278.75,277.75,276.75,275.75,274.75,273.75,272.75,271.75,270.75,269.75,268.75,268.0,267.0,266.0,265.25,264.25,263.25,262.5,261.5,260.75,259.75,259.0,258.0,257.25,256.25,255.5,254.75,253.75,253.0,252.25,251.25,250.75,249.75,249.0,248.25,247.5,246.75,246.0,245.25
368.5,366.5,364.5,362.5,360.5,358.5,356.5,354.5,352.75,350.75,349.0,347.25,345.5,343.5,341.75,340.0,338.5,336.75,335.0,333.5,331.75,330.25,328.5,327.0,325.5,324.0,322.5,320.75,319.5,318.0,316.5,315.0,313.5,312.25,310.75,309.5,308.0,306.75,305.25,304.0,302.75,301.5,300.25,299.0,297.75,296.5,295.25,294.0,292.75,291.75,290.5,289.25,288.25,287.0,285.75,284.75,283.75,282.5,281.5,280.5,279.25,278.25,277.25,276.25,275.25,274.25,273.25,272.25,271.25,270.25,269.25,268.25,267.25,266.25,265.5,264.5,263.5,262.75,261.75,261.0,260.0,259.25,258.25,257.5,256.5,255.75,255.0,254.0,253.25,252.5,251.75,250.75,250.0,249.25,248.5,247.75,246.75,246.0,245.25,244.5,243.75
366.5,364.25,362.25,360.25,358.25,356.25,354.5,352.5,350.5,348.75,347.0,345.25,343.25,341.5,339.75,338.0,336.5,334.75,333.0,331.5,329.75,328.25,326.75,325.0,323.5,322.0,320.5,319.0,317.5,316.0,314.5,313.0,311.75,310.25,309.0,307.75,306.25,305.0,303.5,302.25,301.0,299.75,298.5,297.25,296.0,294.75,293.5,292.25,291.0,290.0,288.75,287.5,286.5,285.25,284.25,283.25,282.0,281.0,279.75,278.75,277.75,276.75,275.75,274.5,273.5,272.5,271.75,270.5,269.5,268.75,267.75,266.75,265.75,264.75,264.0,263.0,262.25,261.25,260.25,259.5,258.5,257.5,256.75,256.0,255.0,254.25,253.5,252.75,251.75,251.0,250.25,249.5,248.5,247.75,247.0,246.25,245.5,244.75,244.0,243.25,242.5
364.25,362.25,360.25,358.25,356.25,354.25,352.25,350.5,348.5,346.75,344.75,343.0,341.25,339.5,337.75,336.25,334.5,332.75,331.0,329.5,327.75,326.25,324.75,323.0,321.5,320.0,318.5,317.0,315.5,314.25,312.75,311.25,309.75,308.5,307.0,305.75,304.5,303.0,301.75,300.5,299.25,298.0,296.75,295.5,294.25,293.0,291.75,290.5,289.25,288.25,287.0,286.0,284.75,283.75,282.5,281.5,280.5,279.25,278.25,277.25,276.0,275.0,274.0,273.0,272.0,271.0,270.0,269.0,268.0,267.0,266.25,265.25,264.25,263.25,262.5,261.5,260.5,259.75,258.75,258.0,257.0,256.25,255.25,254.5,253.75,252.75,252.0,251.25,250.5,249.5,248.75,248.0,247.25,246.5,245.75,245.0,244.0,243.5,242.5,242.0,241.25
362.0,360.0,358.0,356.0,354.0,352.25,350.25,348.25,346.5,344.5,342.75,341.0,339.25,337.5,335.75,334.0,332.25,330.75,329.0,327.5,325.75,324.25,322.75,321.0,319.5,318.0,316.5,315.25,313.75,312.25,310.75,309.5,308.0,306.5,305.25,304.0,302.5,301.25,300.0,298.75,297.5,296.25,294.75,293.5,292.5,291.25,290.0,288.75,287.75,286.5,285.25,284.25,283.0,282.0,280.75,279.75,278.75,277.75,276.5,275.5,274.5,273.5,272.5,271.5,270.5,269.5,268.5,267.5,266.5,265.5,264.5,263.75,262.75,261.75,261.0,260.0,259.0,258.25,257.25,256.5,255.5,254.75,254.0,253.0,252.25,251.5,250.5,249.75,249.0,248.25,247.5,246.5,245.75,245.0,244.25,243.5,242.75,242.0,241.25,240.5,239.75
360.0,357.75,355.75,353.75,352.0,350.0,348.0,346.25,344.25,342.5,340.75,338.75,337.25,335.5,333.75,332.0,330.25,328.75,327.0,325.5,323.75,322.25,320.75,319.25,317.75,316.25,314.75,313.25,311.75,310.25,309.0,307.5,306.0,304.75,303.5,302.0,300.75,299.5,298.0,297.0,295.5,294.25,293.0,291.75,290.75,289.5,288.25,287.0,286.0,284.75,283.5,282.5,281.5,280.25,279.25,278.0,277.0,276.0,275.0,273.75,272.75,271.75,270.75,269.75,268.75,267.75,266.75,266.0,265.0,264.0,263.0,262.0,261.25,260.25,259.5,258.5,257.5,256.75,255.75,255.0,254.25,253.25,252.5,251.75,250.75,250.0,249.25,248.25,247.5,246.75,246.0,245.25,244.5,243.75,243.0,242.25,241.5,240.75,240.0,239.25,238.5
357.75,355.75,353.5,351.75,349.75,347.75,346.0,344.0,342.25,340.25,338.5,336.75,335.0,333.25,331.5,330.0,328.25,326.75,325.0,323.5,321.75,320.25,318.75,317.25,315.75,314.25,312.75,311.25,309.75,308.5,307.0,305.5,304.25,303.0,301.5,300.25,299.0,297.5,296.25,295.0,293.75,292.5,291.25,290.0,289.0,287.75,286.5,285.25,284.25,283.0,282.0,280.75,279.75,278.5,277.5,276.5,275.25,274.25,273.25,272.25,271.25,270.25,269.25,268.25,267.25,266.25,265.25,264.25,263.25,262.5,261.5,260.75,259.75,258.75,258.0,257.0,256.25,255.25,254.25,253.5,252.75,251.75,251.0,250.25,249.25,248.5,247.75,247.0,246.25,245.25,244.5,243.75,243.0,242.25,241.5,240.75,240.0,239.25,238.5,238.0,237.25
355.5,353.5,351.5,349.5,347.5,345.5,343.75,342.0,340.0,338.25,336.5,334.75,333.0,331.25,329.5,328.0,326.25,324.5,323.0,321.5,319.75,318.25,316.75,315.25,313.75,312.25,310.75,309.25,308.0,306.5,305.0,303.75,302.25,301.0,299.75,298.25,297.0,295.75,294.5,293.25,292.0,290.75,289.5,288.25,287.0,286.0,284.75,283.5,282.5,281.25,280.25,279.0,278.0,277.0,275.75,274.75,273.75,272.75,271.5,270.5,269.5,268.5,267.5,266.5,265.75,264.75,263.75,262.75,261.75,261.0,260.0,259.0,258.25,257.25,256.5,255.5,254.5,253.75,253.0,252.0,251.25,250.25,249.5,248.75,248.0,247.25,246.25,245.5,244.75,244.0,243.25,242.5,241.75,241.0,240.25,239.5,238.75,238.0,237.25,236.5,235.75
353.0,351.25,349.25,347.25,345.25,343.5,341.5,339.75,338.0,336.0,334.25,332.5,330.75,329.25,327.5,325.75,324.0,322.5,321.0,319.25,317.75,316.25,314.75,313.25,311.75,310.25,308.75,307.5,306.0,304.5,303.25,301.75,300.5,299.0,297.75,296.5,295.25,294.0,292.5,291.25,290.25,289.0,287.75,286.5,285.25,284.25,283.0,281.75,280.75,279.5,278.5,277.25,276.25,275.25,274.25,273.0,272.0,271.0,270.0,269.0,268.0,267.0,266.0,265.0,264.0,263.0,262.0,261.25,260.25,259.25,258.5,257.5,256.5,255.75,254.75,254.0,253.0,252.25,251.5,250.5,249.75,249.0,248.0,247.25,246.5,245.75,245.0,244.0,243.25,242.5,241.75,241.0,240.25,239.5,238.75,238.0,237.25,236.75,236.0,235.25,234.5
351.0,348.75,347.0,345.0,343.0,341.25,339.25,337.5,335.75,334.0,332.25,330.5,328.75,327.0,325.25,323.75,322.0,320.5,319.0,317.25,315.75,314.25,312.75,311.25,309.75,308.25,306.75,305.25,304.0,302.75,301.25,300.0,298.5,297.25,296.0,294.5,293.25,292.0,290.75,289.5,288.25,287.0,286.0,284.75,283.5,282.5,281.25,280.0,279.0,277.75,276.75,275.75,274.5,273.5,272.5,271.5,270.25,269.25,268.25,267.25,266.25,265.25,264.25,263.5,262.5,261.5,260.5,259.5,258.75,257.75,256.75,256.0,255.0,254.25,253.25,252.5,251.5,250.75,250.0,249.0,248.25,247.5,246.5,245.75,245.0,244.25,243.5,242.75,241.75,241.0,240.5,239.75,239.0,238.25,237.5,236.75,236.0,235.25,234.5,233.75,233.25
348.5,346.5,344.75,342.75,340.75,339.0,337.0,335.25,333.5,331.75,330.0,328.25,326.5,325.0,323.25,321.75,320.0,318.5,316.75,315.25,313.75,312.25,310.75,309.25,307.75,306.25,305.0,303.5,302.0,300.75,299.25,298.0,296.75,295.25,294.0,292.75,291.5,290.25,289.0,287.75,286.5,285.25,284.0,283.0,281.75,280.75,279.5,278.25,277.25,276.25,275.0,274.0,273.0,271.75,270.75,269.75,268.75,267.75,266.75,265.75,264.75,263.75,262.75,261.75,260.75,259.75,259.0,258.0,257.0,256.25,255.25,254.5,253.5,252.75,251.75,251.0,250.0,249.25,248.5,247.5,246.75,246.0,245.25,244.25,243.5,242.75,242.0,241.25,240.5,239.75,239.0,238.25,237.5,236.75,236.0,235.25,234.75,234.0,233.25,232.5,231.75
346.25,344.25,342.5,340.5,338.5,336.75,335.0,333.0,331.25,329.5,327.75,326.0,324.5,322.75,321.0,319.5,317.75,316.25,314.75,313.25,311.75,310.25,308.75,307.25,305.75,304.25,303.0,301.5,300.25,298.75,297.5,296.0,294.75,293.5,292.0,290.75,289.5,288.25,287.0,286.0,284.75,283.5,282.25,281.25,280.0,278.75,277.75,276.5,275.5,274.25,273.25,272.25,271.25,270.25,269.0,268.0,267.0,266.0,265.0,264.0,263.0,262.0,261.25,260.25,259.25,258.25,257.25,256.5,255.5,254.75,253.75,253.0,252.0,251.25,250.25,249.5,248.75,247.75,247.0,246.25,245.25,244.5,243.75,243.0,242.25,241.5,240.5,239.75,239.0,238.25,237.5,236.75,236.25,235.5,234.75,234.0,233.25,232.5,232.0,231.25,230.5
344.0,342.0,340.0,338.25,336.25,334.5,332.75,330.75,329.0,327.25,325.5,324.0,322.25,320.5,319.0,317.5,315.75,314.25,312.75,311.0,309.5,308.0,306.75,305.0,303.75,302.25,301.0,299.5,298.25,296.75,295.5,294.0,292.75,291.5,290.25,289.0,287.75,286.5,285.25,284.0,282.75,281.75,280.5,279.25,278.25,277.0,276.0,274.75,273.75,272.75,271.5,270.5,269.5,268.5,267.5,266.5,265.25,264.25,263.25,262.5,261.5,260.5,259.5,258.5,257.75,256.75,255.75,255.0,254.0,253.0,252.25,251.5,250.5,249.75,248.75,248.0,247.25,246.25,245.5,244.75,244.0,243.0,242.25,241.5,240.75,240.0,239.25,238.5,237.75,237.0,236.25,235.5,234.75,234.0,233.25,232.75,232.0,231.25,230.5,230.0,229.25
341.5,339.75,337.75,335.75,334.0,332.25,330.5,328.5,326.75,325.25,323.5,321.75,320.0,318.5,316.75,315.25,313.75,312.0,310.5,309.0,307.5,306.0,304.5,303.0,301.75,300.25,299.0,297.5,296.25,294.75,293.5,292.25,291.0,289.5,288.25,287.25,285.75,284.75,283.5,282.25,281.0,280.0,278.75,277.5,276.5,275.25,274.25,273.0,272.0,271.0,269.75,268.75,267.75,266.75,265.75,264.75,263.75,262.75,261.75,260.75,259.75,258.75,258.0,257.0,256.0,255.25,254.25,253.25,252.5,251.5,250.75,249.75,249.0,248.0,247.25,246.5,245.75,244.75,244.0,243.25,242.5,241.75,240.75,240.0,239.25,238.5,237.75,237.0,236.25,235.5,234.75,234.25,233.5,232.75,232.0,231.25,230.5,230.0,229.25,228.5,228.0
339.25,337.25,335.5,333.5,331.75,330.0,328.0,326.25,324.5,323.0,321.25,319.5,318.0,316.25,314.75,313.0,311.5,310.0,308.5,307.0,305.5,304.0,302.5,301.0,299.75,298.25,297.0,295.5,294.25,292.75,291.5,290.25,289.0,287.75,286.5,285.25,284.0,282.75,281.5,280.25,279.25,278.0,276.75,275.75,274.5,273.5,272.5,271.25,270.25,269.25,268.25,267.0,266.0,265.0,264.0,263.0,262.0,261.0,260.0,259.25,258.25,257.25,256.25,255.25,254.5,253.5,252.75,251.75,251.0,250.0,249.25,248.25,247.5,246.5,245.75,245.0,244.25,243.25,242.5,241.75,241.0,240.25,239.5,238.75,238.0,237.25,236.5,235.75,235.0,234.25,233.5,232.75,232.0,231.25,230.75,230.0,229.25,228.5,228.0,227.25,226.5
336.75,335.0,333.0,331.25,329.25,327.5,325.75,324.0,322.25,320.75,319.0,317.25,315.75,314.0,312.5,311.0,309.5,307.75,306.25,304.75,303.5,302.0,300.5,299.0,297.75,296.25,295.0,293.5,292.25,291.0,289.5,288.25,287.0,285.75,284.5,283.25,282.0,281.0,279.75,278.5,277.25,276.25,275.0,274.0,272.75,271.75,270.75,269.5,268.5,267.5,266.5,265.5,264.25,263.25,262.25,261.25,260.5,259.5,258.5,257.5,256.5,255.5,254.75,253.75,253.0,252.0,251.0,250.25,249.25,248.5,247.75,246.75,246.0,245.0,244.25,243.5,242.75,242.0,241.0,240.25,239.5,238.75,238.0,237.25,236.5,235.75,235.0,234.25,233.5,232.75,232.0,231.5,230.75,230.0,229.25,228.5,228.0,227.25,226.5,226.0,225.25
334.5,332.5,330.75,328.75,327.25,325.25,323.5,321.75,320.0,318.5,316.75,315.0,313.5,312.0,310.25,308.75,307.25,305.75,304.25,302.75,301.25,299.75,298.5,297.0,295.75,294.25,293.0,291.5,290.25,289.0,287.75,286.25,285.0,283.75,282.75,281.5,280.25,279.0,277.75,276.75,275.5,274.5,273.25,272.25,271.0,270.0,269.0,267.75,266.75,265.75,264.75,263.75,262.75,261.75,260.75,259.75,258.75,257.75,256.75,255.75,255.0,254.0,253.0,252.25,251.25,250.5,249.5,248.75,247.75,247.0,246.0,245.25,244.5,243.5,242.75,242.0,241.25,240.5,239.5,238.75,238.0,237.25,236.5,235.75,235.0,234.25,233.5,232.75,232.25,231.5,230.75,230.0,229.25,228.75,228.0,227.25,226.75,226.0,225.25,224.75,224.0
332.0,330.25,328.25,326.5,324.75,323.0,321.25,319.5,317.75,316.0,314.5,312.75,311.25,309.75,308.25,306.5,305.0,303.5,302.0,300.75,299.25,297.75,296.25,295.0,293.5,292.25,291.0,289.5,288.25,287.0,285.75,284.5,283.25,282.0,280.75,279.5,278.25,277.25,276.0,274.75,273.75,272.5,271.5,270.25,269.25,268.25,267.0,266.0,265.0,264.0,263.0,262.0,261.0,260.0,259.0,258.0,257.0,256.0,255.25,254.25,253.25,252.5,251.5,250.5,249.75,248.75,248.0,247.0,246.25,245.5,244.5,243.75,243.0,242.0,241.25,240.5,239.75,239.0,238.25,237.5,236.75,236.0,235.25,234.5,233.75,233.0,232.25,231.5,230.75,230.0,229.25,228.75,228.0,227.25,226.75,226.0,225.25,224.75,224.0,223.25,222.75
329.5,327.75,326.0,324.0,322.25,320.5,319.0,317.25,315.5,313.75,312.25,310.75,309.0,307.5,306.0,304.5,303.0,301.5,300.0,298.5,297.0,295.75,294.25,293.0,291.5,290.25,288.75,287.5,286.25,285.0,283.75,282.5,281.25,280.0,278.75,277.5,276.5,275.25,274.25,273.0,271.75,270.75,269.75,268.5,267.5,266.5,265.25,264.25,263.25,262.25,261.25,260.25,259.25,258.25,257.25,256.25,255.5,254.5,253.5,252.5,251.75,250.75,250.0,249.0,248.25,247.25,246.5,245.5,244.75,244.0,243.0,242.25,241.5,240.5,239.75,239.0,238.25,237.5,236.75,236.0,235.25,234.5,233.75,233.0,232.25,231.5,230.75,230.0,229.5,228.75,228.0,227.25,226.75,226.0,225.25,224.75,224.0,223.25,222.75,222.0,221.5
327.25,325.25,323.5,321.75,320.0,318.25,316.5,314.75,313.25,311.5,310.0,308.5,306.75,305.25,303.75,302.25,300.75,299.25,297.75,296.5,295.0,293.5,292.25,290.75,289.5,288.25,286.75,285.5,284.25,283.0,281.75,280.5,279.25,278.0,277.0,275.75,274.5,273.5,272.25,271.25,270.0,269.0,267.75,266.75,265.75,264.5,263.5,262.5,261.5,260.5,259.5,258.5,257.5,256.5,255.5,254.75,253.75,252.75,252.0,251.0,250.0,249.25,248.25,247.5,246.5,245.75,244.75,244.0,243.25,242.25,241.5,240.75,240.0,239.25,238.25,237.5,236.75,236.0,235.25,234.5,233.75,233.0,232.25,231.5,230.75,230.25,229.5,228.75,228.0,227.25,226.5,226.0,225.25,224.75,224.0,223.25,222.75,222.0,221.5,220.75,220.0
324.75,322.75,321.0,319.25,317.5,315.75,314.25,312.5,311.0,309.25,307.75,306.0,304.5,303.0,301.5,300.0,298.5,297.0,295.75,294.25,292.75,291.5,290.0,288.75,287.5,286.0,284.75,283.5,282.25,281.0,279.75,278.5,277.25,276.25,275.0,273.75,272.75,271.5,270.5,269.25,268.25,267.0,266.0,265.0,264.0,262.75,261.75,260.75,259.75,258.75,257.75,256.75,256.0,255.0,254.0,253.0,252.0,251.25,250.25,249.25,248.5,247.5,246.75,245.75,245.0,244.25,243.25,242.5,241.75,240.75,240.0,239.25,238.5,237.75,236.75,236.0,235.25,234.5,233.75,233.0,232.25,231.5,231.0,230.25,229.5,228.75,228.0,227.25,226.75,226.0,225.25,224.75,224.0,223.25,222.75,222.0,221.5,220.75,220.0,219.5,218.75
322.25,320.25,318.75,317.0,315.25,313.5,311.75,310.25,308.5,307.0,305.5,303.75,302.25,300.75,299.25,297.75,296.25,295.0,293.5,292.0,290.75,289.25,288.0,286.75,285.5,284.0,282.75,281.5,280.25,279.0,277.75,276.5,275.5,274.25,273.0,272.0,270.75,269.75,268.5,267.5,266.25,265.25,264.25,263.25,262.0,261.0,260.0,259.0,258.0,257.0,256.0,255.25,254.25,253.25,252.25,251.25,250.5,249.5,248.75,247.75,247.0,246.0,245.25,244.25,243.5,242.5,241.75,241.0,240.0,239.25,238.5,237.75,237.0,236.0,235.25,234.75,233.75,233.0,232.5,231.75,231.0,230.25,229.5,228.75,228.0,227.25,226.75,226.0,225.25,224.75,224.0,223.25,222.75,222.0,221.25,220.75,220.0,219.5,218.75,218.25,217.5
319.75,318.0,316.25,314.5,312.75,311.0,309.5,307.75,306.25,304.75,303.0,301.5,300.0,298.5,297.0,295.5,294.25,292.75,291.25,290.0,288.5,287.25,286.0,284.5,283.25,282.0,280.75,279.5,278.25,277.0,275.75,274.75,273.5,272.25,271.25,270.0,269.0,267.75,266.75,265.5,264.5,263.5,262.5,261.25,260.25,259.25,258.25,257.25,256.25,255.25,254.5,253.5,252.5,251.5,250.75,249.75,248.75,248.0,247.0,246.25,245.25,244.5,243.5,242.75,241.75,241.0,240.25,239.5,238.5,237.75,237.0,236.25,235.5,234.75,234.0,233.25,232.5,231.75,231.0,230.25,229.5,228.75,228.0,227.25,226.75,226.0,225.25,224.5,224.0,223.25,222.75,222.0,221.25,220.75,220.0,219.5,218.75,218.25,217.5,217.0,216.25
317.25,315.5,313.75,312.0,310.25,308.75,307.0,305.5,303.75,302.25,300.75,299.25,297.75,296.25,294.75,293.5,292.0,290.5,289.25,287.75,286.5,285.25,283.75,282.5,281.25,280.0,278.75,277.5,276.25,275.0,273.75,272.75,271.5,270.25,269.25,268.0,267.0,266.0,264.75,263.75,262.75,261.5,260.5,259.5,258.5,257.5,256.5,255.5,254.5,253.5,252.75,251.75,250.75,249.75,249.0,248.0,247.25,246.25,245.5,244.5,243.75,242.75,242.0,241.25,240.25,239.5,238.75,237.75,237.0,236.25,235.5,234.75,234.0,233.25,232.5,231.75,231.0,230.25,229.5,228.75,228.0,227.5,226.75,226.0,225.25,224.5,224.0,223.25,222.5,222.0,221.25,220.75,220.0,219.5,218.75,218.0,217.5,216.75,216.25,215.75,215.0
314.5,312.75,311.25,309.5,307.75,306.25,304.75,303.0,301.5,300.0,298.5,297.0,295.5,294.0,292.5,291.25,289.75,288.25,287.0,285.75,284.25,283.0,281.75,280.5,279.25,278.0,276.75,275.5,274.25,273.0,272.0,270.75,269.5,268.5,267.25,266.25,265.0,264.0,263.0,262.0,260.75,259.75,258.75,257.75,256.75,255.75,254.75,253.75,252.75,252.0,251.0,250.0,249.0,248.25,247.25,246.5,245.5,244.5,243.75,243.0,242.0,241.25,240.5,239.5,238.75,238.0,237.25,236.25,235.5,234.75,234.0,233.25,232.5,231.75,231.0,230.25,229.5,228.75,228.0,227.25,226.75,226.0,225.25,224.5,224.0,223.25,222.5,222.0,221.25,220.5,220.0,219.25,218.75,218.0,217.5,216.75,216.25,215.5,215.0,214.5,213.75
312.0,310.25,308.75,307.0,305.5,303.75,302.25,300.75,299.0,297.5,296.0,294.75,293.25,291.75,290.25,289.0,287.5,286.25,284.75,283.5,282.25,281.0,279.5,278.25,277.0,275.75,274.75,273.5,272.25,271.0,269.75,268.75,267.75,266.5,265.5,264.25,263.25,262.25,261.0,260.0,259.0,258.0,257.0,256.0,255.0,254.0,253.0,252.0,251.0,250.25,249.25,248.25,247.5,246.5,245.5,244.75,243.75,243.0,242.25,241.25,240.5,239.75,238.75,238.0,237.25,236.5,235.5,234.75,234.0,233.25,232.5,231.75,231.0,230.25,229.5,228.75,228.0,227.5,226.75,226.0,225.25,224.5,224.0,223.25,222.5,222.0,221.25,220.5,220.0,219.25,218.75,218.0,217.5,216.75,216.25,215.5,215.0,214.25,213.75,213.25,212.5
309.5,307.75,306.25,304.5,303.0,301.25,299.75,298.25,296.75,295.25,293.75,292.25,290.75,289.5,288.0,286.75,285.25,284.0,282.75,281.25,280.0,278.75,277.5,276.25,275.0,273.75,272.5,271.5,270.25,269.0,268.0,266.75,265.75,264.5,263.5,262.5,261.25,260.25,259.25,258.25,257.25,256.25,255.25,254.25,253.25,252.25,251.25,250.25,249.5,248.5,247.5,246.75,245.75,244.75,244.0,243.0,242.25,241.5,240.5,239.75,238.75,238.0,237.25,236.5,235.75,234.75,234.0,233.25,232.5,231.75,231.0,230.25,229.5,228.75,228.0,227.25,226.75,226.0,225.25,224.5,223.75,223.25,222.5,221.75,221.25,220.5,219.75,219.25,218.5,218.0,217.25,216.75,216.0,215.5,214.75,214.25,213.75,213.0,212.5,212.0,211.25
307.0,305.25,303.75,302.0,300.5,299.0,297.25,295.75,294.5,293.0,291.5,290.0,288.5,287.25,285.75,284.5,283.0,281.75,280.5,279.25,278.0,276.5,275.25,274.25,273.0,271.75,270.5,269.25,268.25,267.0,266.0,264.75,263.75,262.75,261.5,260.5,259.5,258.5,257.25,256.25,255.25,254.25,253.25,252.5,251.5,250.5,249.5,248.5,247.75,246.75,245.75,245.0,244.0,243.25,242.25,241.5,240.5,239.75,239.0,238.0,237.25,236.5,235.75,235.0,234.0,233.25,232.5,231.75,231.0,230.25,229.5,228.75,228.0,227.25,226.75,226.0,225.25,224.5,223.75,223.25,222.5,221.75,221.0,220.5,219.75,219.25,218.5,218.0,217.25,216.75,216.0,215.5,214.75,214.25,213.5,213.0,212.5,211.75,211.25,210.75,210.0
304.25,302.75,301.0,299.5,298.0,296.5,295.0,293.5,292.0,290.5,289.0,287.75,286.25,284.75,283.5,282.25,280.75,279.5,278.25,277.0,275.75,274.5,273.25,272.0,270.75,269.75,268.5,267.25,266.25,265.0,264.0,262.75,261.75,260.75,259.75,258.5,257.5,256.5,255.5,254.5,253.5,252.5,251.5,250.5,249.75,248.75,247.75,246.75,246.0,245.0,244.0,243.25,242.5,241.5,240.75,239.75,239.0,238.0,237.25,236.5,235.75,235.0,234.0,233.25,232.5,231.75,231.0,230.25,229.5,228.75,228.0,227.25,226.5,225.75,225.25,224.5,223.75,223.0,222.5,221.75,221.0,220.5,219.75,219.0,218.5,217.75,217.25,216.5,216.0,215.25,214.75,214.0,213.5,212.75,212.25,211.75,211.25,210.5,210.0,209.5,208.75
301.75,300.0,298.5,297.0,295.5,294.0,292.5,291.0,289.5,288.0,286.75,285.25,284.0,282.5,281.25,280.0,278.5,277.25,276.0,274.75,273.5,272.25,271.0,270.0,268.75,267.5,266.5,265.25,264.25,263.0,262.0,261.0,259.75,258.75,257.75,256.75,255.75,254.75,253.75,252.75,251.75,250.75,249.75,248.75,247.75,247.0,246.0,245.0,244.25,243.25,242.5,241.5,240.75,239.75,239.0,238.25,237.25,236.5,235.75,235.0,234.0,233.25,232.5,231.75,231.0,230.25,229.5,228.75,228.0,227.25,226.5,225.75,225.25,224.5,223.75,223.0,222.5,221.75,221.0,220.25,219.75,219.0,218.5,217.75,217.0,216.5,215.75,215.25,214.75,214.0,213.5,212.75,212.25,211.5,211.0,210.5,209.75,209.25,208.75,208.25,207.5
299.0,297.5,296.0,294.5,293.0,291.5,290.0,288.5,287.0,285.75,284.25,283.0,281.5,280.25,279.0,277.75,276.25,275.0,273.75,272.5,271.5,270.25,269.0,267.75,266.75,265.5,264.5,263.25,262.25,261.0,260.0,259.0,257.75,256.75,255.75,254.75,253.75,252.75,251.75,250.75,249.75,249.0,248.0,247.0,246.0,245.25,244.25,243.25,242.5,241.5,240.75,239.75,239.0,238.25,237.25,236.5,235.75,235.0,234.0,233.25,232.5,231.75,231.0,230.25,229.5,228.75,228.0,227.25,226.5,225.75,225.0,224.5,223.75,223.0,222.25,221.75,221.0,220.25,219.5,219.0,218.25,217.75,217.0,216.5,215.75,215.25,214.5,214.0,213.25,212.75,212.0,211.5,211.0,210.25,209.75,209.25,208.5,208.0,207.5,207.0,206.25
296.5,295.0,293.5,291.75,290.5,289.0,287.5,286.0,284.75,283.25,282.0,280.5,279.25,278.0,276.75,275.5,274.0,272.75,271.5,270.5,269.25,268.0,266.75,265.75,264.5,263.5,262.25,261.25,260.25,259.0,258.0,257.0,256.0,254.75,253.75,252.75,251.75,251.0,250.0,249.0,248.0,247.0,246.25,245.25,244.25,243.5,242.5,241.5,240.75,240.0,239.0,238.25,237.25,236.5,235.75,235.0,234.0,233.25,232.5,231.75,231.0,230.25,229.5,228.75,228.0,227.25,226.5,225.75,225.0,224.25,223.75,223.0,222.25,221.5,220.75,220.25,219.5,219.0,218.25,217.5,217.0,216.25,215.75,215.0,214.5,213.75,213.25,212.5,212.0,211.5,210.75,210.25,209.75,209.0,208.5,208.0,207.25,206.75,206.25,205.75,205.25
293.75,292.25,290.75,289.25,287.75,286.5,285.0,283.5,282.25,281.0,279.5,278.25,277.0,275.5,274.25,273.0,271.75,270.5,269.5,268.25,267.0,265.75,264.75,263.5,262.5,261.25,260.25,259.25,258.0,257.0,256.0,255.0,254.0,253.0,252.0,251.0,250.0,249.0,248.0,247.25,246.25,245.25,244.25,243.5,242.5,241.75,240.75,239.75,239.0,238.25,237.25,236.5,235.75,235.0,234.0,233.25,232.5,231.75,231.0,230.25,229.5,228.75,228.0,227.25,226.5,225.75,225.0,224.25,223.5,222.75,222.25,221.5,220.75,220.0,219.5,218.75,218.0,217.5,216.75,216.25,215.5,215.0,214.25,213.75,213.0,212.5,212.0,211.25,210.75,210.0,209.5,209.0,208.25,207.75,207.25,206.75,206.25,205.5,205.0,204.5,204.0
291.0,289.75,288.25,286.75,285.25,284.0,282.5,281.25,279.75,278.5,277.0,275.75,274.5,273.25,272.0,270.75,269.5,268.25,267.25,266.0,264.75,263.75,262.5,261.5,260.25,259.25,258.25,257.0,256.0,255.0,254.0,253.0,252.0,251.0,250.0,249.0,248.0,247.25,246.25,245.25,244.25,243.5,242.5,241.75,240.75,239.75,239.0,238.25,237.25,236.5,235.75,234.75,234.0,233.25,232.5,231.75,230.75,230.0,229.25,228.5,227.75,227.0,226.25,225.5,224.75,224.25,223.5,222.75,222.0,221.25,220.75,220.0,219.25,218.75,218.0,217.25,216.75,216.0,215.5,214.75,214.25,213.5,213.0,212.25,211.75,211.25,210.5,210.0,209.5,208.75,208.25,207.75,207.0,206.5,206.0,205.5,205.0,204.25,203.75,203.25,202.75
288.5,287.0,285.5,284.25,282.75,281.25,280.0,278.5,277.25,276.0,274.75,273.5,272.25,271.0,269.75,268.5,267.25,266.0,265.0,263.75,262.75,261.5,260.5,259.25,258.25,257.25,256.0,255.0,254.0,253.0,252.0,251.0,250.0,249.0,248.0,247.25,246.25,245.25,244.25,243.5,242.5,241.5,240.75,239.75,239.0,238.0,237.25,236.5,235.5,234.75,234.0,233.25,232.25,231.5,230.75,230.0,229.25,228.5,227.75,227.0,226.25,225.5,224.75,224.0,223.25,222.75,222.0,221.25,220.5,220.0,219.25,218.5,218.0,217.25,216.5,216.0,215.25,214.75,214.0,213.5,212.75,212.25,211.5,211.0,210.5,209.75,209.25,208.75,208.0,207.5,207.0,206.5,205.75,205.25,204.75,204.25,203.75,203.0,202.5,202.0,201.5
285.75,284.25,283.0,281.5,280.25,278.75,277.5,276.25,274.75,273.5,272.25,271.0,269.75,268.5,267.25,266.25,265.0,264.0,262.75,261.5,260.5,259.25,258.25,257.25,256.25,255.0,254.0,253.0,252.0,251.0,250.0,249.0,248.0,247.0,246.25,245.25,244.25,243.25,242.5,241.5,240.75,239.75,239.0,238.0,237.25,236.25,235.5,234.75,233.75,233.0,232.25,231.5,230.75,230.0,229.25,228.25,227.5,226.75,226.25,225.5,224.75,224.0,223.25,222.5,221.75,221.25,220.5,219.75,219.0,218.5,217.75,217.0,216.5,215.75,215.25,214.5,214.0,213.25,212.75,212.0,211.5,210.75,210.25,209.75,209.0,208.5,208.0,207.25,206.75,206.25,205.75,205.0,204.5,204.0,203.5,203.0,202.5,201.75,201.25,200.75,200.25
283.0,281.75,280.25,279.0,277.5,276.25,275.0,273.75,272.25,271.25,269.75,268.75,267.5,266.25,265.0,264.0,262.75,261.5,260.5,259.25,258.25,257.25,256.0,255.0,254.0,253.0,252.0,251.0,250.0,249.0,248.0,247.0,246.0,245.0,244.25,243.25,242.25,241.5,240.5,239.75,238.75,238.0,237.0,236.25,235.5,234.5,233.75,233.0,232.25,231.25,230.5,229.75,229.0,228.25,227.5,226.75,226.0,225.25,224.5,223.75,223.0,222.5,221.75,221.0,220.25,219.5,219.0,218.25,217.5,217.0,216.25,215.75,215.0,214.5,213.75,213.25,212.5,212.0,211.25,210.75,210.0,209.5,209.0,208.25,207.75,207.25,206.5,206.0,205.5,205.0,204.5,203.75,203.25,202.75,202.25,201.75,201.25,200.75,200.25,199.5,199.0
280.25,279.0,277.75,276.25,275.0,273.75,272.25,271.0,270.0,268.75,267.5,266.25,265.0,263.75,262.75,261.5,260.5,259.25,258.25,257.25,256.0,255.0,254.0,253.0,252.0,251.0,250.0,249.0,248.0,247.0,246.0,245.0,244.0,243.25,242.25,241.25,240.5,239.5,238.75,237.75,237.0,236.25,235.25,234.5,233.75,232.75,232.0,231.25,230.5,229.75,228.75,228.0,227.25,226.5,225.75,225.0,224.25,223.75,223.0,222.25,221.5,220.75,220.25,219.5,218.75,218.0,217.5,216.75,216.25,215.5,214.75,214.25,213.5,213.0,212.25,211.75,211.0,210.5,210.0,209.25,208.75,208.25,207.5,207.0,206.5,205.75,205.25,204.75,204.25,203.75,203.0,202.5,202.0,201.5,201.0,200.5,200.0,199.5,199.0,198.5,198.0
277.5,276.25,275.0,273.75,272.25,271.0,269.75,268.5,267.25,266.25,265.0,263.75,262.75,261.5,260.25,259.25,258.25,257.0,256.0,255.0,254.0,252.75,251.75,250.75,249.75,248.75,247.75,246.75,245.75,245.0,244.0,243.0,242.25,241.25,240.25,239.5,238.5,237.75,236.75,236.0,235.25,234.25,233.5,232.75,231.75,231.0,230.25,229.5,228.75,228.0,227.25,226.5,225.75,225.0,224.25,223.5,222.75,222.0,221.25,220.75,220.0,219.25,218.5,218.0,217.25,216.5,216.0,215.25,214.75,214.0,213.5,212.75,212.25,211.5,211.0,210.25,209.75,209.0,208.5,208.0,207.25,206.75,206.25,205.75,205.0,204.5,204.0,203.5,203.0,202.25,201.75,201.25,200.75,200.25,199.75,199.25,198.75,198.25,197.75,197.25,196.75
275.0,273.5,272.25,271.0,269.75,268.5,267.25,266.0,265.0,263.75,262.5,261.5,260.25,259.0,258.0,257.0,255.75,254.75,253.75,252.75,251.75,250.75,249.75,248.5,247.5,246.75,245.75,244.75,243.75,243.0,242.0,241.0,240.25,239.25,238.25,237.5,236.75,235.75,235.0,234.0,233.25,232.5,231.75,231.0,230.0,229.25,228.5,227.75,227.0,226.25,225.5,224.75,224.0,223.25,222.5,221.75,221.25,220.5,219.75,219.0,218.5,217.75,217.0,216.5,215.75,215.0,214.5,213.75,213.25,212.5,212.0,211.25,210.75,210.0,209.5,209.0,208.25,207.75,207.25,206.5,206.0,205.5,204.75,204.25,203.75,203.25,202.75,202.25,201.5,201.0,200.5,200.0,199.5,199.0,198.5,198.0,197.5,197.0,196.5,196.0,195.5
272.0,270.75,269.5,268.25,267.0,265.75,264.75,263.5,262.25,261.25,260.0,259.0,257.75,256.75,255.5,254.5,253.5,252.5,251.5,250.5,249.5,248.5,247.5,246.5,245.5,244.5,243.5,242.75,241.75,240.75,240.0,239.0,238.25,237.25,236.5,235.5,234.75,234.0,233.0,232.25,231.5,230.75,229.75,229.0,228.25,227.5,226.75,226.0,225.25,224.5,223.75,223.0,222.25,221.5,221.0,220.25,219.5,218.75,218.25,217.5,216.75,216.25,215.5,214.75,214.25,213.5,213.0,212.25,211.75,211.0,210.5,209.75,209.25,208.75,208.0,207.5,207.0,206.25,205.75,205.25,204.75,204.0,203.5,203.0,202.5,202.0,201.25,200.75,200.25,199.75,199.25,198.75,198.25,197.75,197.25,196.75,196.25,195.75,195.25,194.75,194.25
269.25,268.0,266.75,265.75,264.5,263.25,262.0,261.0,259.75,258.75,257.5,256.5,255.5,254.25,253.25,252.25,251.25,250.25,249.25,248.25,247.25,246.25,245.25,244.25,243.25,242.5,241.5,240.5,239.75,238.75,238.0,237.0,236.25,235.25,234.5,233.5,232.75,232.0,231.25,230.5,229.5,228.75,228.0,227.25,226.5,225.75,225.0,224.25,223.5,222.75,222.0,221.25,220.75,220.0,219.25,218.5,218.0,217.25,216.5,216.0,215.25,214.5,214.0,213.25,212.75,212.0,211.5,210.75,210.25,209.5,209.0,208.5,207.75,207.25,206.75,206.0,205.5,205.0,204.25,203.75,203.25,202.75,202.25,201.75,201.0,200.5,200.0,199.5,199.0,198.5,198.0,197.5,197.0,196.5,196.0,195.5,195.0,194.5,194.0,193.5,193.0
266.5,265.25,264.25,263.0,261.75,260.5,259.5,258.25,257.25,256.25,255.0,254.0,253.0,252.0,250.75,249.75,248.75,247.75,246.75,245.75,245.0,244.0,243.0,242.0,241.25,240.25,239.25,238.5,237.5,236.75,235.75,235.0,234.25,233.25,232.5,231.75,230.75,230.0,229.25,228.5,227.75,227.0,226.25,225.5,224.75,224.0,223.25,222.5,221.75,221.0,220.25,219.75,219.0,218.25,217.5,217.0,216.25,215.5,215.0,214.25,213.75,213.0,212.25,211.75,211.25,210.5,210.0,209.25,208.75,208.0,207.5,207.0,206.25,205.75,205.25,204.75,204.0,203.5,203.0,202.5,202.0,201.25,200.75,200.25,199.75,199.25,198.75,198.25,197.75,197.25,196.75,196.25,195.75,195.25,194.75,194.25,193.75,193.25,192.75,192.25,192.0
263.75,262.5,261.5,260.25,259.0,258.0,256.75,255.75,254.75,253.5,252.5,251.5,250.5,249.5,248.5,247.5,246.5,245.5,244.5,243.5,242.75,241.75,240.75,240.0,239.0,238.0,237.25,236.25,235.5,234.75,233.75,233.0,232.25,231.25,230.5,229.75,229.0,228.25,227.25,226.5,225.75,225.0,224.25,223.5,222.75,222.25,221.5,220.75,220.0,219.25,218.5,218.0,217.25,216.5,216.0,215.25,214.5,214.0,213.25,212.75,212.0,211.5,210.75,210.25,209.5,209.0,208.25,207.75,207.25,206.5,206.0,205.5,205.0,204.25,203.75,203.25,202.75,202.0,201.5,201.0,200.5,200.0,199.5,199.0,198.5,198.0,197.5,197.0,196.5,196.0,195.5,195.0,194.5,194.0,193.5,193.0,192.5,192.0,191.5,191.0,190.75
261.0,259.75,258.5,257.5,256.5,255.25,254.25,253.25,252.0,251.0,250.0,249.0,248.0,247.0,246.0,245.0,244.0,243.25,242.25,241.25,240.25,239.5,238.5,237.75,236.75,236.0,235.0,234.25,233.25,232.5,231.75,231.0,230.0,229.25,228.5,227.75,227.0,226.25,225.5,224.75,224.0,223.25,222.5,221.75,221.0,220.25,219.5,219.0,218.25,217.5,217.0,216.25,215.5,215.0,214.25,213.5,213.0,212.25,211.75,211.0,210.5,209.75,209.25,208.5,208.0,207.5,206.75,206.25,205.75,205.0,204.5,204.0,203.5,202.75,202.25,201.75,201.25,200.75,200.25,199.75,199.0,198.5,198.0,197.5,197.0,196.5,196.0,195.5,195.0,194.5,194.0,193.5,193.25,192.75,192.25,191.75,191.25,190.75,190.25,190.0,189.5
258.0,257.0,255.75,254.75,253.75,252.5,251.5,250.5,249.5,248.5,247.5,246.5,245.5,244.5,243.5,242.75,241.75,240.75,239.75,239.0,238.0,237.25,236.25,235.5,234.5,233.75,233.0,232.0,231.25,230.5,229.75,228.75,228.0,227.25,226.5,225.75,225.0,224.25,223.5,222.75,222.0,221.25,220.5,220.0,219.25,218.5,217.75,217.0,216.5,215.75,215.0,214.5,213.75,213.25,212.5,212.0,211.25,210.75,210.0,209.5,208.75,208.25,207.5,207.0,206.5,205.75,205.25,204.75,204.25,203.5,203.0,202.5,202.0,201.5,200.75,200.25,199.75,199.25,198.75,198.25,197.75,197.25,196.75,196.25,195.75,195.25,194.75,194.25,193.75,193.25,192.75,192.25,191.75,191.25,191.0,190.5,190.0,189.5,189.0,188.75,188.25
255.25,254.0,253.0,252.0,251.0,250.0,249.0,247.75,247.0,246.0,245.0,244.0,243.0,242.0,241.25,240.25,239.25,238.5,237.5,236.75,235.75,235.0,234.0,233.25,232.5,231.5,230.75,230.0,229.0,228.25,227.5,226.75,226.0,225.25,224.5,223.75,223.0,222.25,221.5,220.75,220.0,219.5,218.75,218.0,217.25,216.75,216.0,215.25,214.75,214.0,213.25,212.75,212.0,211.5,210.75,210.25,209.5,209.0,208.5,207.75,207.25,206.5,206.0,205.5,204.75,204.25,203.75,203.25,202.5,202.0,201.5,201.0,200.5,200.0,199.25,198.75,198.25,197.75,197.25,196.75,196.25,195.75,195.25,194.75,194.25,193.75,193.25,192.75,192.5,192.0,191.5,191.0,190.5,190.0,189.5,189.25,188.75,188.25,187.75,187.25,187.0
252.25,251.25,250.25,249.25,248.25,247.25,246.25,245.25,244.25,243.25,242.25,241.5,240.5,239.5,238.75,237.75,237.0,236.0,235.25,234.25,233.5,232.5,231.75,231.0,230.25,229.25,228.5,227.75,227.0,226.25,225.5,224.75,224.0,223.25,222.5,221.75,221.0,220.25,219.5,218.75,218.25,217.5,216.75,216.0,215.5,214.75,214.25,213.5,212.75,212.25,211.5,211.0,210.25,209.75,209.0,208.5,207.75,207.25,206.75,206.0,205.5,205.0,204.25,203.75,203.25,202.75,202.25,201.5,201.0,200.5,200.0,199.5,199.0,198.5,197.75,197.25,196.75,196.25,195.75,195.25,194.75,194.25,193.75,193.5,193.0,192.5,192.0,191.5,191.0,190.5,190.0,189.75,189.25,188.75,188.25,187.75,187.5,187.0,186.5,186.0,185.75
249.25,248.25,247.25,246.5,245.5,244.5,243.5,242.5,241.5,240.75,239.75,238.75,238.0,237.0,236.25,235.25,234.5,233.5,232.75,232.0,231.0,230.25,229.5,228.75,227.75,227.0,226.25,225.5,224.75,224.0,223.25,222.5,221.75,221.0,220.25,219.75,219.0,218.25,217.5,217.0,216.25,215.5,214.75,214.25,213.5,213.0,212.25,211.5,211.0,210.25,209.75,209.25,208.5,208.0,207.25,206.75,206.25,205.5,205.0,204.5,203.75,203.25,202.75,202.25,201.5,201.0,200.5,200.0,199.5,199.0,198.5,198.0,197.5,196.75,196.25,195.75,195.25,194.75,194.25,193.75,193.5,193.0,192.5,192.0,191.5,191.0,190.5,190.0,189.75,189.25,188.75,188.25,187.75,187.5,187.0,186.5,186.0,185.75,185.25,184.75,184.5
246.5,245.5,244.5,243.5,242.5,241.75,240.75,239.75,239.0,238.0,237.0,236.25,235.25,234.5,233.5,232.75,232.0,231.0,230.25,229.5,228.75,228.0,227.0,226.25,225.5,224.75,224.0,223.25,222.5,221.75,221.0,220.5,219.75,219.0,218.25,217.5,217.0,216.25,215.5,215.0,214.25,213.5,213.0,212.25,211.5,211.0,210.25,209.75,209.25,208.5,208.0,207.25,206.75,206.25,205.5,205.0,204.5,203.75,203.25,202.75,202.25,201.5,201.0,200.5,200.0,199.5,199.0,198.5,197.75,197.25,196.75,196.25,195.75,195.25,194.75,194.25,193.75,193.25,192.75,192.5,192.0,191.5,191.0,190.5,190.0,189.5,189.25,188.75,188.25,187.75,187.25,187.0,186.5,186.0,185.5,185.25,184.75,184.25,184.0,183.5,183.0
243.5,242.5,241.5,240.75,239.75,238.75,238.0,237.0,236.25,235.25,234.5,233.5,232.75,232.0,231.0,230.25,229.5,228.75,227.75,227.0,226.25,225.5,224.75,224.0,223.25,222.5,221.75,221.0,220.25,219.5,219.0,218.25,217.5,216.75,216.25,215.5,214.75,214.25,213.5,212.75,212.25,211.5,211.0,210.25,209.75,209.0,208.5,207.75,207.25,206.75,206.0,205.5,205.0,204.25,203.75,203.25,202.5,202.0,201.5,201.0,200.5,200.0,199.25,198.75,198.25,197.75,197.25,196.75,196.25,195.75,195.25,194.75,194.25,193.75,193.25,192.75,192.25,191.75,191.25,190.75,190.5,190.0,189.5,189.0,188.5,188.0,187.75,187.25,186.75,186.25,186.0,185.5,185.0,184.5,184.25,183.75,183.5,183.0,182.5,182.25,181.75
240.5,239.5,238.75,237.75,236.75,236.0,235.0,234.25,233.5,232.5,231.75,231.0,230.0,229.25,228.5,227.75,227.0,226.0,225.25,224.5,223.75,223.0,222.25,221.5,221.0,220.25,219.5,218.75,218.0,217.25,216.75,216.0,215.25,214.75,214.0,213.25,212.75,212.0,211.5,210.75,210.25,209.5,209.0,208.25,207.75,207.0,206.5,206.0,205.25,204.75,204.25,203.5,203.0,202.5,202.0,201.25,200.75,200.25,199.75,199.25,198.75,198.25,197.5,197.0,196.5,196.0,195.5,195.0,194.5,194.0,193.5,193.0,192.5,192.0,191.75,191.25,190.75,190.25,189.75,189.25,188.75,188.5,188.0,187.5,187.0,186.75,186.25,185.75,185.25,185.0,184.5,184.0,183.5,183.25,182.75,182.25,182.0,181.5,181.25,180.75,180.25
237.5,236.5,235.75,234.75,234.0,233.0,232.25,231.5,230.5,229.75,229.0,228.25,227.5,226.5,225.75,225.0,224.25,223.5,222.75,222.0,221.25,220.5,220.0,219.25,218.5,217.75,217.0,216.5,215.75,215.0,214.5,213.75,213.0,212.5,211.75,211.25,210.5,210.0,209.25,208.75,208.0,207.5,206.75,206.25,205.75,205.0,204.5,204.0,203.25,202.75,202.25,201.75,201.0,200.5,200.0,199.5,199.0,198.5,198.0,197.25,196.75,196.25,195.75,195.25,194.75,194.25,193.75,193.25,192.75,192.25,192.0,191.5,191.0,190.5,190.0,189.5,189.0,188.5,188.25,187.75,187.25,186.75,186.5,186.0,185.5,185.0,184.75,184.25,183.75,183.5,183.0,182.5,182.25,181.75,181.25,181.0,180.5,180.0,179.75,179.25,179.0
234.25,233.5,232.75,231.75,231.0,230.25,229.25,228.5,227.75,227.0,226.25,225.5,224.75,224.0,223.25,222.5,221.75,221.0,220.25,219.5,218.75,218.0,217.5,216.75,216.0,215.25,214.75,214.0,213.25,212.75,212.0,211.5,210.75,210.25,209.5,209.0,208.25,207.75,207.0,206.5,206.0,205.25,204.75,204.25,203.5,203.0,202.5,202.0,201.25,200.75,200.25,199.75,199.25,198.75,198.0,197.5,197.0,196.5,196.0,195.5,195.0,194.5,194.0,193.5,193.0,192.5,192.0,191.5,191.0,190.5,190.25,189.75,189.25,188.75,188.25,187.75,187.5,187.0,186.5,186.0,185.75,185.25,184.75,184.25,184.0,183.5,183.0,182.75,182.25,181.75,181.5,181.0,180.5,180.25,179.75,179.5,179.0,178.75,178.25,177.75,177.5
231.25,230.5,229.5,228.75,228.0,227.25,226.5,225.75,225.0,224.25,223.25,222.75,222.0,221.25,220.5,219.75,219.0,218.25,217.5,217.0,216.25,215.5,215.0,214.25,213.5,213.0,212.25,211.5,211.0,210.25,209.75,209.0,208.5,207.75,207.25,206.75,206.0,205.5,204.75,204.25,203.75,203.25,202.5,202.0,201.5,201.0,200.25,199.75,199.25,198.75,198.25,197.75,197.25,196.5,196.0,195.5,195.0,194.5,194.0,193.5,193.0,192.5,192.0,191.75,191.25,190.75,190.25,189.75,189.25,188.75,188.25,188.0,187.5,187.0,186.5,186.0,185.75,185.25,184.75,184.25,184.0,183.5,183.0,182.75,182.25,181.75,181.5,181.0,180.5,180.25,179.75,179.5,179.0,178.75,178.25,177.75,177.5,177.0,176.75,176.25,176.0
228.0,227.25,226.5,225.75,225.0,224.25,223.5,222.75,222.0,221.25,220.5,219.75,219.0,218.25,217.75,217.0,216.25,215.5,215.0,214.25,213.5,213.0,212.25,211.5,211.0,210.25,209.75,209.0,208.5,208.0,207.25,206.75,206.0,205.5,205.0,204.25,203.75,203.25,202.5,202.0,201.5,201.0,200.25,199.75,199.25,198.75,198.25,197.75,197.25,196.75,196.0,195.5,195.0,194.5,194.0,193.5,193.0,192.5,192.0,191.5,191.25,190.75,190.25,189.75,189.25,188.75,188.25,187.75,187.5,187.0,186.5,186.0,185.5,185.25,184.75,184.25,184.0,183.5,183.0,182.5,182.25,181.75,181.25,181.0,180.5,180.25,179.75,179.25,179.0,178.5,178.25,177.75,177.5,177.0,176.5,176.25,175.75,175.5,175.0,174.75,174.25
224.75,224.0,223.25,222.5,221.75,221.0,220.25,219.5,219.0,218.25,217.5,216.75,216.25,215.5,214.75,214.0,213.5,212.75,212.25,211.5,210.75,210.25,209.5,209.0,208.25,207.75,207.25,206.5,206.0,205.25,204.75,204.25,203.5,203.0,202.5,202.0,201.25,200.75,200.25,199.75,199.0,198.5,198.0,197.5,197.0,196.5,196.0,195.5,195.0,194.5,194.0,193.5,193.0,192.5,192.0,191.5,191.0,190.5,190.0,189.5,189.0,188.5,188.25,187.75,187.25,186.75,186.25,186.0,185.5,185.0,184.5,184.25,183.75,183.25,183.0,182.5,182.0,181.5,181.25,180.75,180.25,180.0,179.5,179.25,178.75,178.25,178.0,177.5,177.25,176.75,176.5,176.0,175.75,175.25,175.0,174.5,174.25,173.75,173.5,173.0,172.75
221.5,220.75,220.0,219.25,218.5,218.0,217.25,216.5,215.75,215.25,214.5,213.75,213.25,212.5,211.75,211.25,210.5,210.0,209.25,208.75,208.0,207.5,206.75,206.25,205.75,205.0,204.5,204.0,203.25,202.75,202.25,201.5,201.0,200.5,200.0,199.5,198.75,198.25,197.75,197.25,196.75,196.25,195.75,195.25,194.75,194.25,193.5,193.25,192.75,192.25,191.75,191.25,190.75,190.25,189.75,189.25,188.75,188.25,188.0,187.5,187.0,186.5,186.0,185.5,185.25,184.75,184.25,183.75,183.5,183.0,182.5,182.25,181.75,181.25,180.75,180.5,180.0,179.75,179.25,178.75,178.5,178.0,177.75,177.25,176.75,176.5,176.0,175.75,175.25,175.0,174.5,174.25,173.75,173.5,173.0,172.75,172.5,172.0,171.75,171.25,171.0
218.0,217.5,216.75,216.0,215.25,214.75,214.0,213.25,212.75,212.0,211.25,210.75,210.0,209.5,208.75,208.25,207.5,207.0,206.5,205.75,205.25,204.5,204.0,203.5,202.75,202.25,201.75,201.25,200.5,200.0,199.5,199.0,198.5,197.75,197.25,196.75,196.25,195.75,195.25,194.75,194.25,193.75,193.25,192.75,192.25,191.75,191.25,190.75,190.25,189.75,189.25,188.75,188.25,188.0,187.5,187.0,186.5,186.0,185.5,185.25,184.75,184.25,183.75,183.5,183.0,182.5,182.0,181.75,181.25,180.75,180.5,180.0,179.5,179.25,178.75,178.5,178.0,177.5,177.25,176.75,176.5,176.0,175.75,175.25,174.75,174.5,174.0,173.75,173.5,173.0,172.75,172.25,172.0,171.5,171.25,170.75,170.5,170.0,169.75,169.5,169.0
214.5,214.0,213.25,212.5,212.0,211.25,210.75,210.0,209.5,208.75,208.25,207.5,207.0,206.25,205.75,205.0,204.5,204.0,203.25,202.75,202.25,201.75,201.0,200.5,200.0,199.5,198.75,198.25,197.75,197.25,196.75,196.25,195.75,195.0,194.5,194.0,193.5,193.0,192.5,192.0,191.5,191.0,190.5,190.0,189.75,189.25,188.75,188.25,187.75,187.25,186.75,186.25,186.0,185.5,185.0,184.5,184.0,183.75,183.25,182.75,182.25,182.0,181.5,181.0,180.75,180.25,179.75,179.5,179.0,178.5,178.25,177.75,177.5,177.0,176.5,176.25,175.75,175.5,175.0,174.75,174.25,174.0,173.5,173.0,172.75,172.5,172.0,171.75,171.25,171.0,170.5,170.25,169.75,169.5,169.25,168.75,168.5,168.0,167.75,167.5,167.0
211.0,210.5,209.75,209.0,208.5,207.75,207.25,206.5,206.0,205.5,204.75,204.25,203.75,203.0,202.5,202.0,201.25,200.75,200.25,199.5,199.0,198.5,198.0,197.5,197.0,196.25,195.75,195.25,194.75,194.25,193.75,193.25,192.75,192.25,191.75,191.25,190.75,190.25,189.75,189.25,188.75,188.25,187.75,187.5,187.0,186.5,186.0,185.5,185.0,184.75,184.25,183.75,183.25,182.75,182.5,182.0,181.5,181.25,180.75,180.25,179.75,179.5,179.0,178.5,178.25,177.75,177.5,177.0,176.5,176.25,175.75,175.5,175.0,174.75,174.25,173.75,173.5,173.0,172.75,172.25,172.0,171.5,171.25,170.75,170.5,170.25,169.75,169.5,169.0,168.75,168.25,168.0,167.75,167.25,167.0,166.5,166.25,166.0,165.5,165.25,165.0
207.25,206.75,206.0,205.5,204.75,204.25,203.75,203.0,202.5,202.0,201.25,200.75,200.25,199.75,199.0,198.5,198.0,197.5,197.0,196.25,195.75,195.25,194.75,194.25,193.75,193.25,192.75,192.25,191.75,191.25,190.75,190.25,189.75,189.25,188.75,188.25,187.75,187.25,186.75,186.25,186.0,185.5,185.0,184.5,184.0,183.5,183.25,182.75,182.25,181.75,181.5,181.0,180.5,180.0,179.75,179.25,178.75,178.5,178.0,177.5,177.25,176.75,176.5,176.0,175.5,175.25,174.75,174.5,174.0,173.5,173.25,172.75,172.5,172.0,171.75,171.25,171.0,170.5,170.25,169.75,169.5,169.25,168.75,168.5,168.0,167.75,167.25,167.0,166.75,166.25,166.0,165.5,165.25,165.0,164.5,164.25,164.0,163.5,163.25,163.0,162.5
203.5,202.75,202.25,201.75,201.0,200.5,200.0,199.25,198.75,198.25,197.75,197.25,196.5,196.0,195.5,195.0,194.5,194.0,193.5,193.0,192.5,191.75,191.25,190.75,190.25,189.75,189.5,188.75,188.5,188.0,187.5,187.0,186.5,186.0,185.5,185.0,184.5,184.25,183.75,183.25,182.75,182.25,182.0,181.5,181.0,180.5,180.25,179.75,179.25,178.75,178.5,178.0,177.5,177.25,176.75,176.25,176.0,175.5,175.25,174.75,174.25,174.0,173.5,173.25,172.75,172.5,172.0,171.5,171.25,170.75,170.5,170.0,169.75,169.25,169.0,168.75,168.25,168.0,167.5,167.25,166.75,166.5,166.0,165.75,165.5,165.0,164.75,164.5,164.0,163.75,163.5,163.0,162.75,162.5,162.0,161.75,161.5,161.0,160.75,160.5,160.0
199.5,198.75,198.25,197.75,197.0,196.5,196.0,195.5,195.0,194.5,194.0,193.25,192.75,192.25,191.75,191.25,190.75,190.25,189.75,189.25,188.75,188.25,187.75,187.25,186.75,186.25,185.75,185.5,185.0,184.5,184.0,183.5,183.0,182.5,182.25,181.75,181.25,180.75,180.25,180.0,179.5,179.0,178.5,178.25,177.75,177.25,177.0,176.5,176.0,175.75,175.25,174.75,174.5,174.0,173.75,173.25,172.75,172.5,172.0,171.75,171.25,171.0,170.5,170.0,169.75,169.25,169.0,168.5,168.25,167.75,167.5,167.25,166.75,166.5,166.0,165.75,165.25,165.0,164.75,164.25,164.0,163.5,163.25,163.0,162.5,162.25,162.0,161.5,161.25,161.0,160.5,160.25,160.0,159.5,159.25,159.0,158.5,158.25,158.0,157.75,157.25
195.25,194.5,194.0,193.5,193.0,192.5,192.0,191.5,190.75,190.25,189.75,189.25,188.75,188.25,187.75,187.25,186.75,186.25,185.75,185.5,185.0,184.5,184.0,183.5,183.0,182.5,182.25,181.75,181.25,180.75,180.25,179.75,179.5,179.0,178.5,178.0,177.75,177.25,176.75,176.25,176.0,175.5,175.0,174.75,174.25,173.75,173.5,173.0,172.75,172.25,171.75,171.5,171.0,170.75,170.25,169.75,169.5,169.0,168.75,168.25,168.0,167.5,167.25,166.75,166.5,166.0,165.75,165.25,165.0,164.75,164.25,164.0,163.5,163.25,162.75,162.5,162.25,161.75,161.5,161.25,160.75,160.5,160.25,159.75,159.5,159.25,158.75,158.5,158.25,157.75,157.5,157.25,156.75,156.5,156.25,156.0,155.5,155.25,155.0,154.75,154.25
190.75,190.25,189.5,189.0,188.5,188.0,187.5,187.0,186.5,186.0,185.5,185.0,184.5,184.0,183.75,183.25,182.75,182.25,181.75,181.25,180.75,180.25,180.0,179.5,179.0,178.5,178.0,177.75,177.25,176.75,176.25,176.0,175.5,175.0,174.75,174.25,173.75,173.5,173.0,172.5,172.25,171.75,171.25,171.0,170.5,170.0,169.75,169.25,169.0,168.5,168.25,167.75,167.5,167.0,166.5,166.25,165.75,165.5,165.25,164.75,164.5,164.0,163.75,163.25,163.0,162.5,162.25,161.75,161.5,161.25,160.75,160.5,160.0,159.75,159.5,159.0,158.75,158.5,158.0,157.75,157.5,157.0,156.75,156.5,156.0,155.75,155.5,155.0,154.75,154.5,154.25,153.75,153.5,153.25,153.0,152.5,152.25,152.0,151.75,151.25,151.0
186.0,185.5,185.0,184.5,184.0,183.5,183.0,182.5,182.0,181.5,181.0,180.5,180.25,179.75,179.25,178.75,178.25,177.75,177.5,177.0,176.5,176.0,175.5,175.25,174.75,174.25,173.75,173.5,173.0,172.5,172.25,171.75,171.25,171.0,170.5,170.0,169.75,169.25,169.0,168.5,168.0,167.75,167.25,167.0,166.5,166.25,165.75,165.25,165.0,164.5,164.25,163.75,163.5,163.0,162.75,162.25,162.0,161.5,161.25,161.0,160.5,160.25,159.75,159.5,159.0,158.75,158.5,158.0,157.75,157.25,157.0,156.75,156.25,156.0,155.75,155.25,155.0,154.75,154.25,154.0,153.75,153.5,153.0,152.75,152.5,152.0,151.75,151.5,151.25,150.75,150.5,150.25,150.0,149.5,149.25,149.0,148.75,148.5,148.0,147.75,147.5
181.0,180.5,180.0,179.5,179.0,178.75,178.25,177.75,177.25,176.75,176.25,175.75,175.5,175.0,174.5,174.0,173.75,173.25,172.75,172.25,172.0,171.5,171.0,170.5,170.25,169.75,169.25,169.0,168.5,168.25,167.75,167.25,167.0,166.5,166.0,165.75,165.25,165.0,164.5,164.25,163.75,163.25,163.0,162.5,162.25,161.75,161.5,161.0,160.75,160.25,160.0,159.5,159.25,159.0,158.5,158.25,157.75,157.5,157.0,156.75,156.5,156.0,155.75,155.25,155.0,154.75,154.25,154.0,153.75,153.25,153.0,152.75,152.25,152.0,151.75,151.25,151.0,150.75,150.5,150.0,149.75,149.5,149.0,148.75,148.5,148.25,147.75,147.5,147.25,147.0,146.75,146.25,146.0,145.75,145.5,145.25,144.75,144.5,144.25,144.0,143.75
175.75,175.5,175.0,174.5,174.0,173.5,173.0,172.75,172.25,171.75,171.25,171.0,170.5,170.0,169.5,169.25,168.75,168.25,168.0,167.5,167.0,166.75,166.25,165.75,165.5,165.0,164.5,164.25,163.75,163.5,163.0,162.75,162.25,161.75,161.5,161.0,160.75,160.25,160.0,159.5,159.25,158.75,158.5,158.0,157.75,157.25,157.0,156.5,156.25,156.0,155.5,155.25,154.75,154.5,154.25,153.75,153.5,153.0,152.75,152.5,152.0,151.75,151.5,151.0,150.75,150.5,150.0,149.75,149.5,149.0,148.75,148.5,148.0,147.75,147.5,147.25,146.75,146.5,146.25,146.0,145.5,145.25,145.0,144.75,144.25,144.0,143.75,143.5,143.25,142.75,142.5,142.25,142.0,141.75,141.5,141.0,140.75,140.5,140.25,140.0,139.75
170.5,170.0,169.75,169.25,168.75,168.25,168.0,167.5,167.0,166.75,166.25,165.75,165.25,165.0,164.5,164.0,163.75,163.25,163.0,162.5,162.0,161.75,161.25,161.0,160.5,160.0,159.75,159.25,159.0,158.5,158.25,157.75,157.5,157.0,156.75,156.25,156.0,155.5,155.25,154.75,154.5,154.0,153.75,153.5,153.0,152.75,152.25,152.0,151.75,151.25,151.0,150.5,150.25,150.0,149.5,149.25,149.0,148.5,148.25,148.0,147.5,147.25,147.0,146.5,146.25,146.0,145.5,145.25,145.0,144.75,144.25,144.0,143.75,143.5,143.0,142.75,142.5,142.25,141.75,141.5,141.25,141.0,140.75,140.25,140.0,139.75,139.5,139.25,139.0,138.5,138.25,138.0,137.75,137.5,137.25,137.0,136.5,136.25,136.0,135.75,135.5
165.25,164.75,164.25,164.0,163.5,163.0,162.75,162.25,161.75,161.5,161.0,160.5,160.25,159.75,159.5,159.0,158.5,158.25,157.75,157.5,157.0,156.75,156.25,156.0,155.5,155.0,154.75,154.5,154.0,153.75,153.25,153.0,152.5,152.25,151.75,151.5,151.0,150.75,150.5,150.0,149.75,149.25,149.0,148.75,148.25,148.0,147.5,147.25,147.0,146.5,146.25,146.0,145.5,145.25,145.0,144.5,144.25,144.0,143.75,143.25,143.0,142.75,142.25,142.0,141.75,141.5,141.0,140.75,140.5,140.25,140.0,139.5,139.25,139.0,138.75,138.25,138.0,137.75,137.5,137.25,137.0,136.5,136.25,136.0,135.75,135.5,135.25,135.0,134.5,134.25,134.0,133.75,133.5,133.25,133.0,132.75,132.5,132.0,131.75,131.5,131.25
159.75,159.5,159.0,158.5,158.25,157.75,157.5,157.0,156.5,156.25,155.75,155.5,155.0,154.75,154.25,154.0,153.5,153.25,152.75,152.25,152.0,151.75,151.25,151.0,150.5,150.25,149.75,149.5,149.0,148.75,148.25,148.0,147.75,147.25,147.0,146.5,146.25,146.0,145.5,145.25,145.0,144.5,144.25,144.0,143.5,143.25,143.0,142.5,142.25,142.0,141.5,141.25,141.0,140.75,140.25,140.0,139.75,139.5,139.0,138.75,138.5,138.25,137.75,137.5,137.25,137.0,136.75,136.25,136.0,135.75,135.5,135.25,134.75,134.5,134.25,134.0,133.75,133.5,133.0,132.75,132.5,132.25,132.0,131.75,131.5,131.25,131.0,130.5,130.25,130.0,129.75,129.5,129.25,129.0,128.75,128.5,128.25,128.0,127.75,127.5,127.25
154.5,154.25,153.75,153.5,153.0,152.75,152.25,152.0,151.5,151.25,150.75,150.5,150.0,149.5,149.25,149.0,148.5,148.25,147.75,147.5,147.0,146.75,146.25,146.0,145.75,145.25,145.0,144.5,144.25,144.0,143.5,143.25,143.0,142.5,142.25,142.0,141.5,141.25,141.0,140.5,140.25,140.0,139.5,139.25,139.0,138.75,138.25,138.0,137.75,137.25,137.0,136.75,136.5,136.25,135.75,135.5,135.25,135.0,134.5,134.25,134.0,133.75,133.5,133.0,132.75,132.5,132.25,132.0,131.75,131.5,131.0,130.75,130.5,130.25,130.0,129.75,129.5,129.25,129.0,128.5,128.25,128.0,127.75,127.5,127.25,127.0,126.75,126.5,126.25,126.0,125.75,125.5,125.25,125.0,124.75,124.5,124.25,124.0,123.5,123.25,123.0
149.5,149.25,148.75,148.5,148.0,147.75,147.25,147.0,146.5,146.25,145.75,145.5,145.25,144.75,144.5,144.0,143.75,143.5,143.0,142.75,142.25,142.0,141.75,141.25,141.0,140.75,140.25,140.0,139.75,139.25,139.0,138.75,138.25,138.0,137.75,137.25,137.0,136.75,136.5,136.0,135.75,135.5,135.25,134.75,134.5,134.25,134.0,133.5,133.25,133.0,132.75,132.5,132.0,131.75,131.5,131.25,131.0,130.75,130.25,130.0,129.75,129.5,129.25,129.0,128.75,128.25,128.0,127.75,127.5,127.25,127.0,126.75,126.5,126.25,126.0,125.5,125.25,125.0,124.75,124.5,124.25,124.0,123.75,123.5,123.25,123.0,122.75,122.5,122.25,122.0,121.75,121.5,121.25,121.0,120.75,120.5,120.25,120.0,119.75,119.5,119.25
144.75,144.5,144.0,143.75,143.5,143.0,142.75,142.25,142.0,141.75,141.25,141.0,140.5,140.25,140.0,139.5,139.25,139.0,138.5,138.25,138.0,137.5,137.25,137.0,136.5,136.25,136.0,135.5,135.25,135.0,134.75,134.25,134.0,133.75,133.5,133.0,132.75,132.5,132.25,131.75,131.5,131.25,131.0,130.75,130.25,130.0,129.75,129.5,129.25,129.0,128.5,128.25,128.0,127.75,127.5,127.25,127.0,126.5,126.25,126.0,125.75,125.5,125.25,125.0,124.75,124.5,124.25,123.75,123.5,123.25,123.0,122.75,122.5,122.25,122.0,121.75,121.5,121.25,121.0,120.75,120.5,120.25,120.0,119.75,119.5,119.25,119.0,118.75,118.5,118.25,118.0,117.75,117.5,117.25,117.0,116.75,116.5,116.25,116.0,115.75,115.75
140.5,140.0,139.75,139.25,139.0,138.75,138.25,138.0,137.75,137.25,137.0,136.75,136.25,136.0,135.75,135.25,135.0,134.75,134.25,134.0,133.75,133.5,133.0,132.75,132.5,132.0,131.75,131.5,131.25,131.0,130.5,130.25,130.0,129.75,129.25,129.0,128.75,128.5,128.25,128.0,127.5,127.25,127.0,126.75,126.5,126.25,125.75,125.5,125.25,125.0,124.75,124.5,124.25,124.0,123.75,123.25,123.0,122.75,122.5,122.25,122.0,121.75,121.5,121.25,121.0,120.75,120.5,120.25,120.0,119.75,119.5,119.25,119.0,118.75,118.5,118.25,118.0,117.75,117.5,117.25,117.0,116.75,116.5,116.25,116.0,115.75,115.5,115.25,115.0,114.75,114.5,114.25,114.0,113.75,113.5,113.25,113.25,113.0,112.75,112.5,112.25
