233.75,251.75,713.5,0.0,0.0,0.0,0.0,776.25,738.5,708.5,684.0,663.25,645.0,628.75,614.0,600.75,588.5,577.0,566.5,556.5,547.25,538.5,530.0,522.0,514.5,507.25,500.25,493.75,487.25,481.0,475.25,469.5,464.0,458.5,453.25,448.25,443.5,438.75,434.0,429.5,425.25,421.0,416.75,412.75,408.75,405.0,401.0,397.5,393.75,390.25,386.75,383.5,380.0,376.75,373.5,370.5,367.25,364.25,361.25,358.5,355.5,352.75,350.0,347.25,344.5,341.75,339.25,336.75,334.25,331.75,329.25,326.75,324.5,322.0,319.75,317.5,315.25,313.0,310.75,308.75,306.5,304.5,302.5,300.25,298.25,296.25,294.25,292.5,290.5,288.5,286.75,285.0,283.0,281.25,279.5,277.75,276.0,274.25,272.5,271.0,269.25
236.5,310.5,0.0,708.0,0.0,619.0,569.75,772.5,735.75,706.5,682.5,661.75,643.75,627.75,613.25,600.0,587.75,576.25,565.75,556.0,546.5,537.75,529.5,521.5,514.0,506.75,499.75,493.0,486.75,480.5,474.5,468.75,463.25,458.0,452.75,447.75,443.0,438.25,433.5,429.0,424.75,420.5,416.25,412.25,408.25,404.25,400.5,397.0,393.25,389.75,386.25,382.75,379.5,376.25,373.0,370.0,366.75,363.75,360.75,358.0,355.0,352.25,349.5,346.75,344.0,341.25,338.75,336.25,333.75,331.25,328.75,326.25,324.0,321.5,319.25,317.0,314.75,312.5,310.25,308.25,306.0,304.0,302.0,299.75,297.75,295.75,294.0,292.0,290.0,288.25,286.25,284.5,282.5,280.75,279.0,277.25,275.5,273.75,272.0,270.5,268.75
239.5,318.0,0.0,0.0,0.0,614.75,0.0,769.0,733.25,704.75,681.0,660.5,642.75,626.75,612.25,599.0,586.75,575.5,565.0,555.25,545.75,537.0,528.75,520.75,513.25,506.0,499.0,492.5,486.0,480.0,474.0,468.25,462.75,457.5,452.25,447.25,442.25,437.5,433.0,428.5,424.0,419.75,415.75,411.75,407.75,403.75,400.0,396.25,392.75,389.25,385.75,382.25,379.0,375.75,372.5,369.25,366.25,363.25,360.25,357.25,354.5,351.75,349.0,346.25,343.5,340.75,338.25,335.75,333.25,330.75,328.25,325.75,323.5,321.0,318.75,316.5,314.25,312.0,309.75,307.75,305.5,303.5,301.5,299.25,297.25,295.25,293.5,291.5,289.5,287.75,285.75,284.0,282.0,280.25,278.5,276.75,275.0,273.25,271.5,270.0,268.25
242.75,281.75,709.75,0.0,0.0,610.5,561.75,765.5,730.75,702.75,679.25,659.25,641.5,625.75,611.25,598.25,586.0,574.75,564.25,554.5,545.25,536.5,528.0,520.25,512.5,505.5,498.5,491.75,485.5,479.25,473.5,467.75,462.25,456.75,451.5,446.5,441.75,437.0,432.25,428.0,423.5,419.25,415.0,411.0,407.0,403.25,399.5,395.75,392.25,388.5,385.25,381.75,378.5,375.25,372.0,368.75,365.75,362.75,359.75,356.75,354.0,351.25,348.25,345.5,343.0,340.25,337.75,335.25,332.5,330.25,327.75,325.25,323.0,320.5,318.25,316.0,313.75,311.5,309.25,307.25,305.0,303.0,301.0,298.75,296.75,294.75,293.0,291.0,289.0,287.25,285.25,283.5,281.5,279.75,278.0,276.25,274.5,272.75,271.0,269.5,267.75
246.5,301.5,0.0,680.5,0.0,606.25,0.0,762.25,728.25,700.75,677.75,658.0,640.5,624.75,610.5,597.25,585.25,574.0,563.5,553.75,544.5,535.75,527.5,519.5,512.0,504.75,497.75,491.25,484.75,478.75,472.75,467.0,461.5,456.25,451.0,446.0,441.0,436.5,431.75,427.25,423.0,418.75,414.5,410.5,406.5,402.75,399.0,395.25,391.5,388.0,384.5,381.25,377.75,374.5,371.5,368.25,365.25,362.25,359.25,356.25,353.5,350.5,347.75,345.0,342.5,339.75,337.25,334.5,332.0,329.5,327.25,324.75,322.25,320.0,317.75,315.5,313.25,311.0,308.75,306.75,304.5,302.5,300.25,298.25,296.25,294.25,292.25,290.5,288.5,286.5,284.75,283.0,281.0,279.25,277.5,275.75,274.0,272.25,270.5,268.75,267.25
250.5,304.75,744.75,0.0,0.0,601.75,801.5,759.0,726.0,699.0,676.25,656.75,639.25,623.75,609.5,596.5,584.5,573.25,562.75,553.0,543.75,535.0,526.75,518.75,511.25,504.0,497.25,490.5,484.25,478.0,472.25,466.5,461.0,455.5,450.5,445.5,440.5,435.75,431.25,426.75,422.25,418.0,414.0,410.0,406.0,402.0,398.25,394.5,391.0,387.5,384.0,380.5,377.25,374.0,370.75,367.75,364.5,361.5,358.5,355.75,352.75,350.0,347.25,344.5,341.75,339.25,336.5,334.0,331.5,329.0,326.5,324.25,321.75,319.5,317.25,315.0,312.75,310.5,308.25,306.0,304.0,302.0,299.75,297.75,295.75,293.75,291.75,289.75,288.0,286.0,284.25,282.25,280.5,278.75,277.0,275.25,273.5,271.75,270.0,268.25,266.75
255.0,305.5,261.75,0.0,0.0,597.25,797.0,755.75,723.5,697.25,674.75,655.5,638.25,622.75,608.5,595.5,583.75,572.5,562.0,552.25,543.0,534.25,526.0,518.25,510.75,503.5,496.5,490.0,483.5,477.5,471.5,465.75,460.25,455.0,449.75,444.75,440.0,435.25,430.5,426.0,421.75,417.5,413.25,409.25,405.25,401.5,397.75,394.0,390.5,386.75,383.5,380.0,376.75,373.5,370.25,367.0,364.0,361.0,358.0,355.0,352.25,349.5,346.75,344.0,341.25,338.5,336.0,333.5,331.0,328.5,326.0,323.5,321.25,319.0,316.5,314.25,312.0,309.75,307.75,305.5,303.5,301.25,299.25,297.25,295.25,293.25,291.25,289.25,287.5,285.5,283.75,281.75,280.0,278.25,276.5,274.5,273.0,271.25,269.5,267.75,266.0
260.0,306.25,293.5,661.5,656.75,0.0,792.75,752.75,721.25,695.5,673.5,654.25,637.0,621.75,607.75,594.75,582.75,571.75,561.25,551.5,542.5,533.75,525.5,517.5,510.0,502.75,496.0,489.25,483.0,476.75,471.0,465.25,459.75,454.25,449.25,444.25,439.25,434.5,430.0,425.5,421.0,416.75,412.75,408.75,404.75,400.75,397.0,393.5,389.75,386.25,382.75,379.5,376.0,372.75,369.75,366.5,363.5,360.5,357.5,354.5,351.75,348.75,346.0,343.25,340.75,338.0,335.5,332.75,330.25,328.0,325.5,323.0,320.75,318.25,316.0,313.75,311.5,309.25,307.0,305.0,302.75,300.75,298.75,296.75,294.75,292.75,290.75,288.75,286.75,285.0,283.0,281.25,279.5,277.5,275.75,274.0,272.25,270.5,269.0,267.25,265.5
266.5,307.0,300.75,0.0,649.75,0.0,788.5,749.75,719.25,693.75,672.0,653.0,636.0,620.75,606.75,594.0,582.0,571.0,560.75,551.0,541.75,533.0,524.75,516.75,509.25,502.25,495.25,488.75,482.25,476.25,470.25,464.5,459.0,453.75,448.5,443.5,438.75,434.0,429.25,424.75,420.5,416.25,412.0,408.0,404.0,400.25,396.5,392.75,389.25,385.75,382.25,378.75,375.5,372.25,369.0,366.0,362.75,359.75,356.75,354.0,351.0,348.25,345.5,342.75,340.0,337.5,334.75,332.25,329.75,327.25,324.75,322.5,320.0,317.75,315.5,313.25,311.0,308.75,306.5,304.25,302.25,300.25,298.0,296.0,294.0,292.0,290.0,288.25,286.25,284.25,282.5,280.75,278.75,277.0,275.25,273.5,271.75,270.0,268.25,266.5,265.0
275.0,893.0,0.0,284.75,643.0,582.75,784.5,747.0,717.0,692.0,670.5,651.75,635.0,619.75,605.75,593.0,581.25,570.25,560.0,550.25,541.0,532.25,524.0,516.25,508.75,501.5,494.5,488.0,481.75,475.5,469.75,464.0,458.5,453.0,448.0,443.0,438.0,433.25,428.75,424.25,419.75,415.5,411.5,407.5,403.5,399.5,395.75,392.25,388.5,385.0,381.5,378.25,374.75,371.5,368.5,365.25,362.25,359.25,356.25,353.25,350.5,347.5,344.75,342.0,339.5,336.75,334.25,331.75,329.25,326.75,324.25,321.75,319.5,317.0,314.75,312.5,310.25,308.0,306.0,303.75,301.75,299.5,297.5,295.5,293.5,291.5,289.5,287.5,285.5,283.75,281.75,280.0,278.25,276.5,274.5,272.75,271.0,269.5,267.75,266.0,264.25
289.5,253.75,269.0,0.0,636.5,577.25,780.75,744.25,714.75,690.25,669.0,650.5,633.75,618.75,605.0,592.25,580.5,569.5,559.25,549.5,540.25,531.75,523.5,515.5,508.0,500.75,494.0,487.25,481.0,475.0,469.0,463.25,457.75,452.5,447.25,442.25,437.5,432.75,428.0,423.5,419.25,415.0,410.75,406.75,402.75,399.0,395.25,391.5,388.0,384.5,381.0,377.5,374.25,371.0,367.75,364.75,361.5,358.5,355.5,352.75,349.75,347.0,344.25,341.5,338.75,336.25,333.5,331.0,328.5,326.0,323.5,321.25,318.75,316.5,314.25,312.0,309.75,307.5,305.25,303.25,301.0,299.0,296.75,294.75,292.75,290.75,288.75,287.0,285.0,283.0,281.25,279.5,277.5,275.75,274.0,272.25,270.5,268.75,267.0,265.5,263.75
302.25,311.0,741.25,0.0,0.0,0.0,777.0,741.5,712.75,688.5,667.75,649.25,632.75,617.75,604.0,591.5,579.75,568.75,558.5,548.75,539.5,531.0,522.75,514.75,507.25,500.25,493.25,486.75,480.25,474.25,468.25,462.75,457.25,451.75,446.5,441.5,436.75,432.0,427.5,423.0,418.5,414.25,410.25,406.25,402.25,398.25,394.5,390.75,387.25,383.75,380.25,377.0,373.5,370.25,367.0,364.0,361.0,358.0,355.0,352.0,349.25,346.25,343.5,340.75,338.25,335.5,333.0,330.25,327.75,325.5,323.0,320.5,318.25,315.75,313.5,311.25,309.0,306.75,304.75,302.5,300.25,298.25,296.25,294.25,292.25,290.25,288.25,286.25,284.25,282.5,280.5,278.75,277.0,275.25,273.25,271.5,269.75,268.0,266.5,264.75,263.0
307.5,274.25,727.25,0.0,623.75,565.5,773.5,739.0,710.75,687.0,666.25,648.0,631.75,616.75,603.25,590.5,578.75,568.0,557.75,548.0,539.0,530.25,522.0,514.25,506.75,499.5,492.75,486.0,479.75,473.5,467.75,462.0,456.5,451.25,446.0,441.0,436.0,431.25,426.75,422.25,418.0,413.75,409.5,405.5,401.5,397.75,394.0,390.25,386.5,383.0,379.5,376.25,373.0,369.75,366.5,363.25,360.25,357.25,354.25,351.25,348.5,345.75,343.0,340.25,337.5,334.75,332.25,329.75,327.25,324.75,322.25,320.0,317.5,315.25,312.75,310.5,308.25,306.25,304.0,301.75,299.75,297.5,295.5,293.5,291.5,289.5,287.5,285.5,283.75,281.75,280.0,278.0,276.25,274.5,272.75,271.0,269.25,267.5,265.75,264.0,262.5
309.5,322.25,270.5,0.0,617.5,813.0,770.0,736.5,708.75,685.25,665.0,646.75,630.5,615.75,602.25,589.75,578.0,567.25,557.0,547.25,538.25,529.5,521.25,513.5,506.0,499.0,492.0,485.5,479.0,473.0,467.0,461.25,455.75,450.5,445.25,440.25,435.5,430.75,426.0,421.5,417.25,413.0,408.75,404.75,400.75,397.0,393.25,389.5,386.0,382.5,379.0,375.5,372.25,369.0,365.75,362.75,359.5,356.5,353.5,350.75,347.75,345.0,342.25,339.5,336.75,334.25,331.5,329.0,326.5,324.0,321.5,319.25,316.75,314.5,312.25,310.0,307.75,305.5,303.25,301.25,299.0,297.0,295.0,292.75,290.75,288.75,287.0,285.0,283.0,281.25,279.25,277.5,275.5,273.75,272.0,270.25,268.5,266.75,265.0,263.5,261.75
310.0,840.75,706.0,693.25,0.0,808.25,766.75,734.0,706.75,683.75,663.5,645.75,629.5,614.75,601.5,589.0,577.25,566.5,556.25,546.5,537.5,529.0,520.75,512.75,505.5,498.25,491.25,484.75,478.5,472.25,466.5,460.75,455.25,449.75,444.75,439.75,434.75,430.0,425.5,421.0,416.5,412.25,408.25,404.25,400.25,396.25,392.5,389.0,385.25,381.75,378.25,375.0,371.5,368.25,365.0,362.0,359.0,355.75,353.0,350.0,347.0,344.25,341.5,338.75,336.25,333.5,331.0,328.25,325.75,323.25,321.0,318.5,316.25,313.75,311.5,309.25,307.0,304.75,302.5,300.5,298.25,296.25,294.25,292.25,290.25,288.25,286.25,284.25,282.25,280.5,278.5,276.75,275.0,273.0,271.25,269.5,267.75,266.0,264.5,262.75,261.0
310.25,798.75,697.25,682.0,0.0,804.0,763.5,731.5,705.0,682.25,662.25,644.5,628.5,614.0,600.5,588.0,576.5,565.75,555.5,546.0,536.75,528.25,520.0,512.25,504.75,497.5,490.75,484.0,477.75,471.75,465.75,460.0,454.5,449.25,444.0,439.0,434.0,429.5,424.75,420.25,416.0,411.75,407.5,403.5,399.5,395.75,392.0,388.25,384.5,381.0,377.5,374.25,370.75,367.5,364.5,361.25,358.25,355.25,352.25,349.25,346.5,343.5,340.75,338.0,335.5,332.75,330.25,327.75,325.25,322.75,320.25,317.75,315.5,313.0,310.75,308.5,306.25,304.0,302.0,299.75,297.75,295.5,293.5,291.5,289.5,287.5,285.5,283.5,281.75,279.75,277.75,276.0,274.25,272.5,270.5,268.75,267.0,265.5,263.75,262.0,260.25
309.75,256.25,273.75,671.75,598.25,799.5,760.5,729.25,703.0,680.75,661.0,643.5,627.5,613.0,599.5,587.25,575.75,565.0,554.75,545.25,536.25,527.5,519.25,511.5,504.0,497.0,490.0,483.5,477.0,471.0,465.0,459.5,453.75,448.5,443.25,438.25,433.5,428.75,424.0,419.75,415.25,411.0,406.75,402.75,398.75,395.0,391.25,387.5,384.0,380.25,377.0,373.5,370.25,367.0,363.75,360.5,357.5,354.5,351.5,348.5,345.75,343.0,340.25,337.5,334.75,332.0,329.5,327.0,324.5,322.0,319.5,317.0,314.75,312.5,310.0,307.75,305.5,303.5,301.25,299.0,297.0,294.75,292.75,290.75,288.75,286.75,284.75,282.75,281.0,279.0,277.25,275.25,273.5,271.75,270.0,268.25,266.5,264.75,263.0,261.25,259.75
308.75,0.0,0.0,662.0,0.0,795.5,757.5,727.0,701.25,679.25,659.75,642.25,626.5,612.0,598.75,586.5,575.0,564.25,554.0,544.5,535.5,526.75,518.75,510.75,503.5,496.25,489.5,482.75,476.5,470.25,464.5,458.75,453.25,447.75,442.75,437.75,432.75,428.0,423.5,419.0,414.5,410.25,406.25,402.0,398.25,394.25,390.5,386.75,383.25,379.75,376.25,372.75,369.5,366.25,363.0,360.0,356.75,353.75,350.75,348.0,345.0,342.25,339.5,336.75,334.0,331.5,328.75,326.25,323.75,321.25,318.75,316.5,314.0,311.75,309.25,307.0,304.75,302.75,300.5,298.25,296.25,294.0,292.0,290.0,288.0,286.0,284.0,282.0,280.25,278.25,276.5,274.5,272.75,271.0,269.25,267.5,265.75,264.0,262.25,260.5,259.0
307.5,728.5,672.25,652.75,585.0,791.5,754.75,724.75,699.5,677.75,658.5,641.0,625.5,611.0,598.0,585.5,574.25,563.5,553.25,543.75,534.75,526.25,518.0,510.25,502.75,495.5,488.75,482.25,475.75,469.75,463.75,458.0,452.5,447.25,442.0,437.0,432.25,427.5,422.75,418.25,414.0,409.75,405.5,401.5,397.5,393.5,389.75,386.25,382.5,379.0,375.5,372.0,368.75,365.5,362.25,359.25,356.0,353.0,350.0,347.25,344.25,341.5,338.75,336.0,333.25,330.75,328.0,325.5,323.0,320.5,318.0,315.75,313.25,311.0,308.75,306.25,304.0,302.0,299.75,297.5,295.5,293.25,291.25,289.25,287.25,285.25,283.25,281.25,279.5,277.5,275.75,273.75,272.0,270.25,268.5,266.75,265.0,263.25,261.5,259.75,258.25
305.75,263.5,0.0,644.25,578.0,787.75,751.75,722.5,697.75,676.25,657.0,640.0,624.5,610.25,597.0,584.75,573.5,562.75,552.5,543.0,534.0,525.5,517.25,509.5,502.0,495.0,488.0,481.5,475.25,469.0,463.25,457.5,452.0,446.5,441.25,436.25,431.5,426.75,422.0,417.5,413.25,409.0,404.75,400.75,396.75,393.0,389.25,385.5,381.75,378.25,374.75,371.5,368.0,364.75,361.5,358.5,355.25,352.25,349.25,346.5,343.5,340.75,338.0,335.25,332.5,330.0,327.25,324.75,322.25,319.75,317.25,315.0,312.5,310.25,308.0,305.5,303.25,301.25,299.0,296.75,294.75,292.5,290.5,288.5,286.5,284.5,282.5,280.5,278.75,276.75,275.0,273.0,271.25,269.5,267.75,266.0,264.25,262.5,260.75,259.0,257.5
303.75,0.0,0.0,636.0,568.75,784.0,749.0,720.5,696.0,674.75,655.75,638.75,623.5,609.25,596.25,584.0,572.5,562.0,552.0,542.5,533.5,524.75,516.75,509.0,501.5,494.25,487.5,480.75,474.5,468.5,462.5,456.75,451.25,446.0,440.75,435.75,430.75,426.0,421.5,417.0,412.5,408.25,404.0,400.0,396.0,392.25,388.5,384.75,381.0,377.5,374.0,370.75,367.25,364.0,360.75,357.75,354.75,351.5,348.75,345.75,342.75,340.0,337.25,334.5,331.75,329.25,326.5,324.0,321.5,319.0,316.5,314.25,311.75,309.5,307.25,304.75,302.5,300.5,298.25,296.0,294.0,291.75,289.75,287.75,285.75,283.75,281.75,279.75,278.0,276.0,274.25,272.25,270.5,268.75,267.0,265.25,263.5,261.75,260.0,258.25,256.75
316.5,768.5,730.25,627.75,823.5,780.5,746.5,718.25,694.25,673.25,654.5,637.75,622.5,608.25,595.25,583.25,571.75,561.25,551.25,541.75,532.75,524.25,516.0,508.25,500.75,493.75,486.75,480.25,473.75,467.75,461.75,456.0,450.5,445.25,440.0,435.0,430.25,425.5,420.75,416.25,412.0,407.5,403.5,399.25,395.5,391.5,387.75,384.0,380.5,376.75,373.25,370.0,366.75,363.25,360.25,357.0,354.0,350.75,348.0,345.0,342.0,339.25,336.5,333.75,331.0,328.5,325.75,323.25,320.75,318.25,315.75,313.5,311.0,308.75,306.25,304.0,301.75,299.75,297.5,295.25,293.25,291.0,289.0,287.0,285.0,283.0,281.0,279.0,277.25,275.25,273.5,271.5,269.75,268.0,266.25,264.25,262.75,261.0,259.25,257.5,255.75
776.5,264.5,0.0,620.0,818.75,777.25,744.0,716.25,692.5,672.0,653.5,636.75,621.5,607.5,594.5,582.5,571.0,560.5,550.5,541.0,532.0,523.5,515.25,507.5,500.25,493.0,486.25,479.5,473.25,467.0,461.25,455.5,450.0,444.5,439.5,434.25,429.5,424.75,420.0,415.5,411.25,407.0,402.75,398.75,394.75,390.75,387.0,383.25,379.75,376.25,372.75,369.25,366.0,362.75,359.5,356.25,353.25,350.25,347.25,344.25,341.25,338.5,335.75,333.0,330.25,327.75,325.0,322.5,320.0,317.5,315.0,312.5,310.25,308.0,305.5,303.25,301.0,298.75,296.75,294.5,292.5,290.25,288.25,286.25,284.25,282.25,280.25,278.25,276.25,274.5,272.5,270.75,269.0,267.25,265.25,263.5,261.75,260.25,258.5,256.75,255.0
250.5,738.75,0.0,0.0,814.25,773.75,741.5,714.25,691.0,670.5,652.25,635.5,620.5,606.5,593.75,581.5,570.25,559.75,549.75,540.25,531.25,522.75,514.75,507.0,499.5,492.25,485.5,479.0,472.5,466.5,460.5,454.75,449.25,444.0,438.75,433.75,428.75,424.0,419.5,415.0,410.5,406.25,402.0,398.0,394.0,390.25,386.25,382.5,379.0,375.5,372.0,368.5,365.25,362.0,358.75,355.5,352.5,349.5,346.5,343.5,340.5,337.75,335.0,332.25,329.5,327.0,324.25,321.75,319.25,316.75,314.25,311.75,309.5,307.25,304.75,302.5,300.25,298.0,296.0,293.75,291.5,289.5,287.5,285.5,283.5,281.5,279.5,277.5,275.5,273.75,271.75,270.0,268.25,266.25,264.5,262.75,261.0,259.25,257.75,256.0,254.25
294.0,726.25,0.0,605.0,810.0,770.75,739.0,712.25,689.25,669.0,651.0,634.5,619.5,605.75,592.75,580.75,569.5,559.0,549.0,539.75,530.75,522.25,514.0,506.25,498.75,491.75,485.0,478.25,472.0,465.75,460.0,454.25,448.75,443.25,438.0,433.0,428.25,423.5,418.75,414.25,409.75,405.5,401.5,397.25,393.25,389.5,385.75,382.0,378.25,374.75,371.25,367.75,364.5,361.25,358.0,354.75,351.75,348.75,345.75,342.75,339.75,337.0,334.25,331.5,328.75,326.25,323.5,321.0,318.5,316.0,313.5,311.0,308.75,306.25,304.0,301.75,299.5,297.25,295.0,293.0,290.75,288.75,286.75,284.5,282.5,280.5,278.75,276.75,274.75,273.0,271.0,269.25,267.25,265.5,263.75,262.0,260.25,258.5,256.75,255.25,253.5
647.75,714.25,0.0,0.0,805.75,767.5,736.5,710.5,687.75,667.75,649.75,633.5,618.5,604.75,592.0,580.0,568.75,558.25,548.5,539.0,530.0,521.5,513.5,505.75,498.25,491.0,484.25,477.75,471.25,465.25,459.25,453.5,448.0,442.75,437.5,432.5,427.5,422.75,418.0,413.5,409.25,405.0,400.75,396.5,392.75,388.75,385.0,381.25,377.5,374.0,370.5,367.0,363.75,360.5,357.25,354.0,351.0,348.0,345.0,342.0,339.0,336.25,333.5,330.75,328.0,325.5,322.75,320.25,317.75,315.25,312.75,310.25,308.0,305.5,303.25,301.0,298.75,296.5,294.25,292.25,290.0,288.0,285.75,283.75,281.75,279.75,277.75,276.0,274.0,272.0,270.25,268.5,266.5,264.75,263.0,261.25,259.5,257.75,256.0,254.5,252.75
814.75,0.0,0.0,590.25,801.75,764.75,734.25,708.5,686.25,666.5,648.5,632.5,617.5,603.75,591.25,579.25,568.0,557.5,547.75,538.25,529.5,521.0,512.75,505.0,497.5,490.5,483.75,477.0,470.75,464.5,458.75,453.0,447.5,442.0,436.75,431.75,426.75,422.0,417.5,413.0,408.5,404.25,400.0,396.0,392.0,388.0,384.25,380.5,376.75,373.25,369.75,366.5,363.0,359.75,356.5,353.25,350.25,347.25,344.25,341.25,338.25,335.5,332.75,330.0,327.25,324.5,322.0,319.5,317.0,314.5,312.0,309.5,307.25,304.75,302.5,300.25,298.0,295.75,293.5,291.5,289.25,287.25,285.0,283.0,281.0,279.0,277.0,275.0,273.25,271.25,269.5,267.5,265.75,264.0,262.25,260.5,258.75,257.0,255.25,253.5,252.0
767.25,795.5,0.0,0.0,797.75,761.75,732.0,706.75,684.75,665.0,647.5,631.25,616.75,603.0,590.25,578.5,567.25,557.0,547.0,537.75,528.75,520.25,512.25,504.5,497.0,489.75,483.0,476.5,470.0,464.0,458.0,452.25,446.75,441.5,436.25,431.0,426.25,421.5,416.75,412.25,407.75,403.5,399.25,395.25,391.25,387.25,383.5,379.75,376.25,372.5,369.0,365.75,362.25,359.0,355.75,352.5,349.5,346.5,343.5,340.5,337.5,334.75,332.0,329.25,326.5,323.75,321.25,318.75,316.0,313.75,311.25,308.75,306.25,304.0,301.75,299.5,297.25,295.0,292.75,290.5,288.5,286.25,284.25,282.25,280.25,278.25,276.25,274.25,272.5,270.5,268.75,266.75,265.0,263.25,261.5,259.5,258.0,256.25,254.5,252.75,251.25
260.75,765.0,0.0,838.5,794.0,759.0,729.75,705.0,683.25,663.75,646.25,630.25,615.75,602.25,589.5,577.75,566.75,556.25,546.25,537.0,528.0,519.5,511.5,503.75,496.25,489.25,482.5,475.75,469.5,463.25,457.5,451.75,446.25,440.75,435.5,430.5,425.5,420.75,416.25,411.5,407.25,403.0,398.75,394.5,390.5,386.75,382.75,379.0,375.5,372.0,368.5,365.0,361.5,358.25,355.0,352.0,348.75,345.75,342.75,339.75,336.75,334.0,331.25,328.5,325.75,323.0,320.5,318.0,315.25,312.75,310.5,308.0,305.5,303.25,301.0,298.5,296.25,294.25,292.0,289.75,287.75,285.5,283.5,281.5,279.5,277.5,275.5,273.5,271.5,269.75,267.75,266.0,264.25,262.25,260.5,258.75,257.0,255.25,253.75,252.0,250.25
0.0,0.0,634.75,833.5,790.5,756.25,727.75,703.25,681.75,662.5,645.25,629.25,614.75,601.25,588.75,577.0,566.0,555.5,545.75,536.25,527.5,519.0,511.0,503.25,495.75,488.75,481.75,475.25,468.75,462.75,456.75,451.0,445.5,440.25,435.0,429.75,425.0,420.25,415.5,411.0,406.5,402.25,398.0,394.0,390.0,386.0,382.25,378.5,374.75,371.25,367.75,364.25,361.0,357.5,354.25,351.25,348.0,345.0,342.0,339.0,336.0,333.25,330.5,327.75,325.0,322.25,319.75,317.25,314.5,312.0,309.5,307.25,304.75,302.5,300.25,297.75,295.5,293.25,291.25,289.0,286.75,284.75,282.75,280.75,278.75,276.75,274.75,272.75,270.75,269.0,267.0,265.25,263.25,261.5,259.75,258.0,256.25,254.5,252.75,251.25,249.5
0.0,722.25,626.25,828.75,787.0,753.5,725.5,701.5,680.25,661.25,644.0,628.25,613.75,600.5,588.0,576.25,565.25,554.75,545.0,535.75,526.75,518.25,510.25,502.5,495.25,488.0,481.25,474.5,468.25,462.0,456.25,450.5,445.0,439.5,434.25,429.25,424.25,419.5,414.75,410.25,406.0,401.5,397.25,393.25,389.25,385.25,381.5,377.75,374.0,370.5,367.0,363.5,360.25,356.75,353.5,350.5,347.25,344.25,341.25,338.25,335.5,332.5,329.75,327.0,324.25,321.5,319.0,316.25,313.75,311.25,308.75,306.5,304.0,301.75,299.25,297.0,294.75,292.5,290.5,288.25,286.0,284.0,282.0,279.75,277.75,275.75,273.75,272.0,270.0,268.0,266.25,264.5,262.5,260.75,259.0,257.25,255.5,253.75,252.0,250.5,248.75
781.0,706.25,618.25,824.0,783.75,751.0,723.5,699.75,678.75,660.0,643.0,627.25,613.0,599.5,587.0,575.5,564.5,554.0,544.25,535.0,526.25,517.75,509.75,502.0,494.5,487.5,480.5,474.0,467.75,461.5,455.5,449.75,444.25,439.0,433.75,428.5,423.75,419.0,414.25,409.75,405.25,401.0,396.75,392.5,388.5,384.75,380.75,377.0,373.5,369.75,366.25,362.75,359.5,356.25,353.0,349.75,346.5,343.5,340.5,337.5,334.75,331.75,329.0,326.25,323.5,320.75,318.25,315.5,313.0,310.5,308.0,305.75,303.25,301.0,298.5,296.25,294.0,291.75,289.5,287.5,285.25,283.25,281.0,279.0,277.0,275.0,273.0,271.25,269.25,267.25,265.5,263.5,261.75,260.0,258.25,256.5,254.75,253.0,251.25,249.5,248.0
760.5,692.5,610.25,819.75,780.5,748.5,721.5,698.0,677.25,658.75,641.75,626.25,612.0,598.75,586.25,574.75,563.75,553.5,543.75,534.25,525.5,517.0,509.0,501.25,494.0,486.75,480.0,473.5,467.0,461.0,455.0,449.25,443.75,438.25,433.0,428.0,423.0,418.25,413.5,409.0,404.5,400.25,396.0,392.0,388.0,384.0,380.25,376.5,372.75,369.0,365.5,362.25,358.75,355.5,352.25,349.0,346.0,342.75,339.75,336.75,334.0,331.0,328.25,325.5,322.75,320.0,317.5,314.75,312.25,309.75,307.25,305.0,302.5,300.25,297.75,295.5,293.25,291.0,288.75,286.75,284.5,282.5,280.25,278.25,276.25,274.25,272.25,270.25,268.5,266.5,264.75,262.75,261.0,259.25,257.5,255.75,254.0,252.25,250.5,248.75,247.25
739.25,0.0,0.0,815.5,777.25,746.0,719.5,696.5,676.0,657.5,640.75,625.25,611.0,597.75,585.5,574.0,563.0,552.75,543.0,533.75,525.0,516.5,508.5,500.75,493.25,486.25,479.5,472.75,466.5,460.25,454.5,448.75,443.0,437.75,432.5,427.5,422.5,417.75,413.0,408.5,404.0,399.75,395.5,391.25,387.25,383.25,379.5,375.75,372.0,368.5,365.0,361.5,358.0,354.75,351.5,348.25,345.25,342.0,339.0,336.0,333.25,330.25,327.5,324.75,322.0,319.25,316.75,314.0,311.5,309.0,306.5,304.25,301.75,299.25,297.0,294.75,292.5,290.25,288.0,286.0,283.75,281.75,279.5,277.5,275.5,273.5,271.5,269.5,267.75,265.75,264.0,262.0,260.25,258.5,256.75,254.75,253.25,251.5,249.75,248.0,246.5
0.0,669.0,0.0,811.5,774.25,743.75,717.5,694.75,674.5,656.25,639.5,624.25,610.25,597.0,584.75,573.25,562.25,552.0,542.25,533.0,524.25,516.0,507.75,500.25,492.75,485.75,478.75,472.25,465.75,459.75,453.75,448.0,442.5,437.0,431.75,426.75,421.75,417.0,412.25,407.75,403.25,399.0,394.75,390.75,386.5,382.75,378.75,375.0,371.5,367.75,364.25,360.75,357.5,354.0,350.75,347.5,344.5,341.5,338.25,335.5,332.5,329.5,326.75,324.0,321.25,318.5,316.0,313.25,310.75,308.25,305.75,303.25,301.0,298.5,296.25,294.0,291.75,289.5,287.25,285.0,283.0,280.75,278.75,276.75,274.75,272.75,270.75,268.75,266.75,265.0,263.0,261.25,259.5,257.5,255.75,254.0,252.25,250.75,249.0,247.25,245.75
795.25,0.0,853.0,807.5,771.25,741.5,715.75,693.25,673.25,655.0,638.5,623.25,609.25,596.25,584.0,572.5,561.75,551.5,541.75,532.5,523.75,515.25,507.25,499.5,492.25,485.0,478.25,471.75,465.25,459.25,453.25,447.5,442.0,436.5,431.25,426.25,421.25,416.5,411.75,407.25,402.75,398.5,394.25,390.0,386.0,382.0,378.25,374.5,370.75,367.0,363.5,360.0,356.75,353.5,350.0,347.0,343.75,340.75,337.75,334.75,331.75,328.75,326.0,323.25,320.5,317.75,315.25,312.5,310.0,307.5,305.0,302.5,300.25,297.75,295.5,293.25,291.0,288.75,286.5,284.25,282.25,280.0,278.0,276.0,274.0,272.0,270.0,268.0,266.0,264.25,262.25,260.5,258.75,256.75,255.0,253.25,251.5,249.75,248.25,246.5,244.75
0.0,0.0,847.75,803.75,768.5,739.0,713.75,691.75,671.75,653.75,637.5,622.25,608.5,595.25,583.25,571.75,561.0,550.75,541.0,531.75,523.0,514.75,506.75,499.0,491.5,484.5,477.75,471.0,464.75,458.5,452.75,447.0,441.25,436.0,430.75,425.5,420.75,415.75,411.0,406.5,402.0,397.75,393.5,389.5,385.25,381.5,377.5,373.75,370.0,366.5,363.0,359.5,356.0,352.75,349.5,346.25,343.0,340.0,337.0,334.0,331.0,328.25,325.25,322.5,319.75,317.25,314.5,312.0,309.25,306.75,304.25,301.75,299.5,297.0,294.75,292.5,290.25,288.0,285.75,283.5,281.5,279.25,277.25,275.25,273.25,271.25,269.25,267.25,265.25,263.5,261.5,259.75,258.0,256.0,254.25,252.5,250.75,249.0,247.5,245.75,244.0
0.0,0.0,842.75,800.0,765.75,737.0,712.0,690.0,670.5,652.75,636.5,621.5,607.5,594.5,582.5,571.0,560.25,550.0,540.5,531.25,522.5,514.0,506.0,498.5,491.0,484.0,477.0,470.5,464.25,458.0,452.0,446.25,440.75,435.25,430.0,425.0,420.0,415.25,410.5,406.0,401.5,397.25,393.0,388.75,384.75,380.75,377.0,373.0,369.5,365.75,362.25,358.75,355.25,352.0,348.75,345.5,342.5,339.25,336.25,333.25,330.25,327.5,324.5,321.75,319.0,316.5,313.75,311.25,308.5,306.0,303.5,301.25,298.75,296.25,294.0,291.75,289.5,287.25,285.0,282.75,280.75,278.5,276.5,274.5,272.5,270.5,268.5,266.5,264.5,262.75,260.75,259.0,257.0,255.25,253.5,251.75,250.0,248.25,246.75,245.0,243.25
725.5,632.25,838.0,796.5,763.0,734.75,710.25,688.5,669.0,651.5,635.25,620.5,606.5,593.75,581.75,570.25,559.5,549.5,539.75,530.5,521.75,513.5,505.5,497.75,490.5,483.25,476.5,470.0,463.5,457.5,451.5,445.75,440.25,434.75,429.5,424.5,419.5,414.75,410.0,405.25,401.0,396.5,392.25,388.25,384.0,380.25,376.25,372.5,368.75,365.25,361.5,358.0,354.75,351.25,348.0,344.75,341.75,338.5,335.5,332.5,329.75,326.75,324.0,321.0,318.5,315.75,313.0,310.5,307.75,305.25,302.75,300.5,298.0,295.5,293.25,291.0,288.75,286.5,284.25,282.0,280.0,277.75,275.75,273.75,271.75,269.75,267.75,265.75,263.75,262.0,260.0,258.25,256.25,254.5,252.75,251.0,249.25,247.5,246.0,244.25,242.5
710.25,624.25,833.25,793.25,760.25,732.5,708.5,687.0,667.75,650.25,634.25,619.5,605.75,593.0,581.0,569.5,558.75,548.75,539.0,530.0,521.25,513.0,505.0,497.25,489.75,482.75,476.0,469.25,463.0,457.0,451.0,445.25,439.5,434.25,429.0,423.75,418.75,414.0,409.25,404.75,400.25,396.0,391.75,387.5,383.5,379.5,375.75,371.75,368.25,364.5,361.0,357.5,354.0,350.75,347.5,344.25,341.0,338.0,334.75,332.0,329.0,326.0,323.25,320.5,317.75,315.0,312.25,309.75,307.25,304.5,302.0,299.75,297.25,294.75,292.5,290.25,288.0,285.75,283.5,281.25,279.25,277.0,275.0,273.0,271.0,269.0,267.0,265.0,263.0,261.25,259.25,257.5,255.5,253.75,252.0,250.25,248.5,246.75,245.25,243.5,241.75
697.0,0.0,828.75,789.75,757.75,730.5,706.75,685.5,666.5,649.25,633.25,618.5,604.75,592.0,580.0,568.75,558.25,548.0,538.5,529.25,520.5,512.25,504.25,496.75,489.25,482.25,475.5,468.75,462.5,456.25,450.5,444.5,439.0,433.75,428.25,423.25,418.25,413.5,408.75,404.25,399.75,395.25,391.0,387.0,382.75,379.0,375.0,371.25,367.5,363.75,360.25,356.75,353.5,350.0,346.75,343.5,340.25,337.25,334.25,331.25,328.25,325.25,322.5,319.75,317.0,314.25,311.5,309.0,306.5,304.0,301.5,299.0,296.5,294.25,291.75,289.5,287.25,285.0,282.75,280.5,278.5,276.25,274.25,272.25,270.25,268.25,266.25,264.25,262.25,260.5,258.5,256.75,254.75,253.0,251.25,249.5,247.75,246.0,244.5,242.75,241.0
0.0,0.0,824.5,786.75,755.25,728.5,705.0,684.0,665.25,648.0,632.25,617.5,604.0,591.25,579.25,568.0,557.5,547.5,537.75,528.75,520.0,511.75,503.75,496.0,488.75,481.75,474.75,468.25,462.0,455.75,449.75,444.0,438.5,433.0,427.75,422.75,417.75,413.0,408.25,403.5,399.0,394.75,390.5,386.25,382.25,378.25,374.5,370.5,366.75,363.25,359.75,356.25,352.75,349.25,346.0,342.75,339.75,336.5,333.5,330.5,327.5,324.75,321.75,319.0,316.25,313.5,311.0,308.25,305.75,303.25,300.75,298.25,295.75,293.5,291.0,288.75,286.5,284.25,282.0,279.75,277.75,275.5,273.5,271.5,269.5,267.5,265.5,263.5,261.5,259.75,257.75,256.0,254.0,252.25,250.5,248.75,247.0,245.25,243.75,242.0,240.25
674.75,867.0,820.5,783.5,752.75,726.5,703.25,682.5,664.0,646.75,631.25,616.75,603.25,590.5,578.5,567.5,556.75,546.75,537.25,528.0,519.5,511.0,503.25,495.5,488.25,481.0,474.25,467.75,461.25,455.25,449.25,443.5,438.0,432.5,427.25,422.0,417.25,412.25,407.5,403.0,398.5,394.25,390.0,385.75,381.75,377.75,373.75,370.0,366.25,362.5,359.0,355.5,352.0,348.75,345.5,342.25,339.0,336.0,332.75,329.75,327.0,324.0,321.25,318.25,315.5,312.75,310.25,307.5,305.0,302.5,300.0,297.5,295.0,292.75,290.25,288.0,285.75,283.5,281.25,279.0,277.0,274.75,272.75,270.75,268.75,266.75,264.75,262.75,260.75,259.0,257.0,255.25,253.25,251.5,249.75,248.0,246.25,244.5,243.0,241.25,239.5
0.0,861.5,816.5,780.5,750.5,724.5,701.75,681.25,662.75,645.75,630.25,615.75,602.25,589.75,577.75,566.75,556.0,546.0,536.5,527.5,518.75,510.5,502.5,495.0,487.5,480.5,473.75,467.25,460.75,454.75,448.75,443.0,437.25,432.0,426.75,421.5,416.5,411.75,407.0,402.5,398.0,393.5,389.25,385.0,381.0,377.0,373.25,369.25,365.5,362.0,358.5,355.0,351.5,348.0,344.75,341.5,338.25,335.25,332.25,329.25,326.25,323.25,320.5,317.75,315.0,312.25,309.5,307.0,304.25,301.75,299.25,296.75,294.25,292.0,289.75,287.25,285.0,282.75,280.5,278.5,276.25,274.0,272.0,270.0,268.0,266.0,264.0,262.0,260.0,258.25,256.25,254.5,252.75,250.75,249.0,247.25,245.5,243.75,242.25,240.5,239.0
656.0,856.25,812.75,777.75,748.0,722.5,700.0,679.75,661.5,644.5,629.25,614.75,601.5,589.0,577.0,566.0,555.5,545.5,536.0,527.0,518.25,510.0,502.0,494.25,487.0,480.0,473.25,466.5,460.25,454.0,448.25,442.5,436.75,431.5,426.0,421.0,416.0,411.25,406.5,401.75,397.25,393.0,388.75,384.5,380.5,376.5,372.5,368.75,365.0,361.25,357.75,354.25,350.75,347.5,344.25,341.0,337.75,334.5,331.5,328.5,325.5,322.5,319.75,317.0,314.25,311.5,308.75,306.25,303.5,301.0,298.5,296.0,293.75,291.25,289.0,286.5,284.25,282.0,279.75,277.75,275.5,273.5,271.25,269.25,267.25,265.25,263.25,261.25,259.25,257.5,255.5,253.75,252.0,250.0,248.25,246.5,244.75,243.25,241.5,239.75,238.25
648.0,851.25,809.0,774.75,745.75,720.75,698.25,678.25,660.25,643.5,628.25,613.75,600.5,588.0,576.25,565.25,554.75,544.75,535.25,526.25,517.75,509.25,501.5,493.75,486.5,479.5,472.5,466.0,459.75,453.5,447.5,441.75,436.25,430.75,425.5,420.5,415.5,410.5,405.75,401.25,396.75,392.5,388.0,384.0,379.75,375.75,372.0,368.0,364.5,360.75,357.25,353.5,350.25,346.75,343.5,340.25,337.0,334.0,330.75,327.75,324.75,322.0,319.0,316.25,313.5,310.75,308.0,305.5,303.0,300.25,297.75,295.25,293.0,290.5,288.25,286.0,283.5,281.25,279.0,277.0,274.75,272.75,270.5,268.5,266.5,264.5,262.5,260.5,258.5,256.75,254.75,253.0,251.25,249.25,247.5,245.75,244.0,242.5,240.75,239.0,237.5
0.0,846.5,805.5,772.0,743.5,718.75,696.75,677.0,659.0,642.5,627.25,613.0,599.75,587.25,575.5,564.5,554.0,544.25,534.75,525.75,517.0,508.75,500.75,493.25,486.0,478.75,472.0,465.5,459.25,453.0,447.0,441.25,435.75,430.25,425.0,420.0,415.0,410.0,405.25,400.75,396.25,391.75,387.5,383.25,379.25,375.25,371.25,367.5,363.75,360.0,356.5,353.0,349.5,346.25,342.75,339.5,336.5,333.25,330.25,327.25,324.25,321.25,318.5,315.5,312.75,310.0,307.5,304.75,302.25,299.75,297.25,294.75,292.25,289.75,287.5,285.25,283.0,280.5,278.5,276.25,274.0,272.0,269.75,267.75,265.75,263.75,261.75,259.75,258.0,256.0,254.0,252.25,250.5,248.75,246.75,245.0,243.5,241.75,240.0,238.25,236.75
633.25,841.75,802.0,769.25,741.5,717.0,695.25,675.5,657.75,641.25,626.25,612.0,598.75,586.5,574.75,563.75,553.5,543.5,534.0,525.0,516.5,508.25,500.25,492.75,485.25,478.25,471.5,465.0,458.5,452.5,446.5,440.75,435.25,429.75,424.5,419.25,414.25,409.5,404.75,400.0,395.5,391.25,387.0,382.75,378.75,374.75,370.75,367.0,363.25,359.5,356.0,352.25,349.0,345.5,342.25,339.0,335.75,332.5,329.5,326.5,323.5,320.5,317.75,315.0,312.25,309.5,306.75,304.0,301.5,299.0,296.5,294.0,291.5,289.25,286.75,284.5,282.25,280.0,277.75,275.5,273.25,271.25,269.0,267.0,265.0,263.0,261.0,259.0,257.25,255.25,253.5,251.5,249.75,248.0,246.25,244.5,242.75,241.0,239.25,237.75,236.0
864.75,837.25,798.75,766.75,739.25,715.0,693.5,674.25,656.5,640.25,625.25,611.0,598.0,585.75,574.0,563.0,552.75,542.75,533.5,524.5,515.75,507.5,499.75,492.0,484.75,477.75,471.0,464.5,458.0,452.0,446.0,440.25,434.5,429.25,424.0,418.75,413.75,409.0,404.25,399.5,395.0,390.75,386.25,382.25,378.0,374.0,370.0,366.25,362.5,358.75,355.25,351.75,348.25,345.0,341.5,338.25,335.0,332.0,328.75,325.75,322.75,320.0,317.0,314.25,311.5,308.75,306.0,303.5,300.75,298.25,295.75,293.25,290.75,288.5,286.0,283.75,281.5,279.25,277.0,274.75,272.5,270.5,268.5,266.25,264.25,262.25,260.25,258.25,256.5,254.5,252.75,250.75,249.0,247.25,245.5,243.75,242.0,240.25,238.5,237.0,235.25
880.25,833.0,795.5,764.0,737.0,713.25,692.0,672.75,655.25,639.0,624.25,610.25,597.25,585.0,573.25,562.5,552.0,542.25,532.75,523.75,515.25,507.0,499.25,491.5,484.25,477.25,470.5,463.75,457.5,451.5,445.5,439.75,434.0,428.75,423.25,418.25,413.25,408.25,403.5,399.0,394.5,390.0,385.75,381.5,377.5,373.5,369.5,365.75,362.0,358.25,354.75,351.0,347.75,344.25,341.0,337.75,334.5,331.25,328.25,325.25,322.25,319.25,316.5,313.5,310.75,308.0,305.25,302.75,300.0,297.5,295.0,292.5,290.0,287.75,285.25,283.0,280.75,278.5,276.25,274.0,272.0,269.75,267.75,265.5,263.5,261.5,259.5,257.75,255.75,253.75,252.0,250.0,248.25,246.5,244.75,243.0,241.25,239.5,237.75,236.25,234.5
874.5,829.0,792.25,761.5,735.0,711.5,690.5,671.5,654.0,638.0,623.25,609.25,596.25,584.0,572.5,561.75,551.25,541.5,532.25,523.25,514.75,506.5,498.5,491.0,483.75,476.75,469.75,463.25,457.0,450.75,445.0,439.0,433.5,428.0,422.75,417.75,412.75,407.75,403.0,398.5,394.0,389.5,385.25,381.0,376.75,372.75,369.0,365.0,361.25,357.5,354.0,350.5,347.0,343.5,340.25,337.0,333.75,330.75,327.5,324.5,321.5,318.5,315.75,313.0,310.0,307.25,304.75,302.0,299.5,296.75,294.25,291.75,289.5,287.0,284.75,282.25,280.0,277.75,275.5,273.25,271.25,269.0,267.0,265.0,262.75,260.75,258.75,257.0,255.0,253.0,251.25,249.25,247.5,245.75,244.0,242.25,240.5,238.75,237.25,235.5,233.75
869.0,825.0,789.25,759.0,733.0,709.75,689.0,670.25,653.0,637.0,622.25,608.5,595.5,583.25,571.75,561.0,550.75,541.0,531.5,522.5,514.0,505.75,498.0,490.5,483.0,476.0,469.25,462.75,456.5,450.25,444.25,438.5,433.0,427.5,422.25,417.0,412.0,407.25,402.5,397.75,393.25,389.0,384.5,380.5,376.25,372.25,368.25,364.5,360.75,357.0,353.5,349.75,346.25,343.0,339.5,336.25,333.25,330.0,327.0,323.75,320.75,318.0,315.0,312.25,309.5,306.75,304.0,301.25,298.75,296.25,293.75,291.25,288.75,286.25,284.0,281.5,279.25,277.0,274.75,272.75,270.5,268.25,266.25,264.25,262.25,260.0,258.25,256.25,254.25,252.25,250.5,248.75,246.75,245.0,243.25,241.5,239.75,238.0,236.5,234.75,233.25
863.75,821.0,786.25,756.75,731.0,708.0,687.5,668.75,651.75,636.0,621.25,607.5,594.5,582.5,571.0,560.25,550.0,540.25,531.0,522.0,513.5,505.25,497.5,489.75,482.5,475.5,468.75,462.25,455.75,449.75,443.75,438.0,432.5,427.0,421.75,416.5,411.5,406.75,402.0,397.25,392.75,388.25,384.0,379.75,375.75,371.75,367.75,363.75,360.0,356.5,352.75,349.25,345.75,342.25,339.0,335.75,332.5,329.25,326.25,323.25,320.25,317.25,314.25,311.5,308.75,306.0,303.25,300.75,298.0,295.5,293.0,290.5,288.0,285.5,283.25,281.0,278.5,276.25,274.0,272.0,269.75,267.5,265.5,263.5,261.5,259.5,257.5,255.5,253.5,251.75,249.75,248.0,246.0,244.25,242.5,240.75,239.0,237.5,235.75,234.0,232.5
858.75,817.25,783.25,754.25,729.0,706.5,686.0,667.5,650.5,634.75,620.25,606.5,593.75,581.75,570.25,559.5,549.25,539.5,530.25,521.25,512.75,504.75,496.75,489.25,482.0,475.0,468.25,461.75,455.25,449.25,443.25,437.5,431.75,426.5,421.0,416.0,411.0,406.0,401.25,396.75,392.25,387.75,383.5,379.25,375.0,371.0,367.0,363.25,359.5,355.75,352.25,348.5,345.0,341.75,338.25,335.0,331.75,328.75,325.5,322.5,319.5,316.5,313.75,310.75,308.0,305.25,302.5,300.0,297.25,294.75,292.25,289.75,287.25,285.0,282.5,280.25,278.0,275.5,273.5,271.25,269.0,267.0,264.75,262.75,260.75,258.75,256.75,254.75,252.75,251.0,249.0,247.25,245.5,243.5,241.75,240.0,238.25,236.75,235.0,233.25,231.75
854.0,813.75,780.5,752.0,727.0,704.75,684.5,666.25,649.25,633.75,619.25,605.75,593.0,581.0,569.5,558.75,548.75,539.0,529.5,520.75,512.25,504.0,496.25,488.75,481.5,474.5,467.75,461.0,454.75,448.75,442.75,437.0,431.25,425.75,420.5,415.5,410.5,405.5,400.75,396.0,391.5,387.25,382.75,378.5,374.5,370.5,366.5,362.5,358.75,355.25,351.5,348.0,344.5,341.0,337.75,334.5,331.25,328.0,325.0,321.75,318.75,316.0,313.0,310.25,307.25,304.5,302.0,299.25,296.75,294.0,291.5,289.0,286.5,284.25,281.75,279.5,277.25,275.0,272.75,270.5,268.25,266.25,264.0,262.0,260.0,258.0,256.0,254.0,252.0,250.25,248.25,246.5,244.75,243.0,241.0,239.25,237.75,236.0,234.25,232.5,231.0
849.25,810.25,777.75,749.75,725.0,703.0,683.0,665.0,648.25,632.75,618.25,604.75,592.0,580.25,568.75,558.0,548.0,538.25,529.0,520.0,511.75,503.5,495.75,488.0,480.75,473.75,467.0,460.5,454.25,448.0,442.0,436.25,430.75,425.25,420.0,414.75,409.75,405.0,400.25,395.5,391.0,386.5,382.25,378.0,373.75,369.75,365.75,362.0,358.25,354.5,350.75,347.25,343.75,340.5,337.0,333.75,330.5,327.25,324.25,321.25,318.25,315.25,312.25,309.5,306.75,304.0,301.25,298.5,296.0,293.25,290.75,288.25,286.0,283.5,281.0,278.75,276.5,274.25,272.0,269.75,267.5,265.5,263.25,261.25,259.25,257.25,255.25,253.25,251.25,249.5,247.5,245.75,244.0,242.25,240.5,238.75,237.0,235.25,233.5,232.0,230.25
844.75,806.75,775.0,747.5,723.25,701.25,681.75,663.75,647.0,631.75,617.25,603.75,591.25,579.25,568.0,557.5,547.25,537.5,528.25,519.5,511.0,503.0,495.0,487.5,480.25,473.25,466.5,460.0,453.75,447.5,441.5,435.75,430.25,424.75,419.5,414.25,409.25,404.25,399.5,395.0,390.5,386.0,381.5,377.5,373.25,369.25,365.25,361.25,357.5,353.75,350.25,346.75,343.25,339.75,336.25,333.0,329.75,326.75,323.5,320.5,317.5,314.5,311.5,308.75,306.0,303.25,300.5,297.75,295.25,292.75,290.0,287.5,285.25,282.75,280.25,278.0,275.75,273.5,271.25,269.0,266.75,264.75,262.75,260.5,258.5,256.5,254.5,252.5,250.75,248.75,247.0,245.0,243.25,241.5,239.75,238.0,236.25,234.5,232.75,231.25,229.5
840.5,803.5,772.25,745.25,721.25,699.75,680.25,662.25,645.75,630.5,616.25,603.0,590.5,578.5,567.25,556.75,546.5,537.0,527.75,518.75,510.5,502.25,494.5,487.0,479.75,472.75,466.0,459.5,453.0,447.0,441.0,435.25,429.5,424.25,418.75,413.75,408.75,403.75,399.0,394.25,389.75,385.25,381.0,376.75,372.75,368.5,364.5,360.75,357.0,353.25,349.5,346.0,342.5,339.0,335.75,332.5,329.25,326.0,322.75,319.75,316.75,313.75,311.0,308.0,305.25,302.5,299.75,297.25,294.5,292.0,289.5,287.0,284.5,282.0,279.75,277.25,275.0,272.75,270.5,268.25,266.25,264.0,262.0,259.75,257.75,255.75,253.75,251.75,250.0,248.0,246.25,244.25,242.5,240.75,239.0,237.25,235.5,233.75,232.25,230.5,228.75
836.5,800.25,769.75,743.0,719.5,698.0,678.75,661.0,644.75,629.5,615.25,602.0,589.5,577.75,566.5,556.0,545.75,536.25,527.0,518.25,509.75,501.75,493.75,486.25,479.0,472.0,465.25,458.75,452.5,446.25,440.5,434.75,429.0,423.5,418.25,413.0,408.0,403.25,398.5,393.75,389.25,384.75,380.5,376.25,372.0,368.0,364.0,360.0,356.25,352.5,349.0,345.25,341.75,338.5,335.0,331.75,328.5,325.25,322.25,319.0,316.0,313.25,310.25,307.25,304.5,301.75,299.0,296.5,293.75,291.25,288.75,286.25,283.75,281.25,279.0,276.5,274.25,272.0,269.75,267.5,265.5,263.25,261.25,259.0,257.0,255.0,253.0,251.0,249.25,247.25,245.5,243.5,241.75,240.0,238.25,236.5,234.75,233.0,231.5,229.75,228.25
832.5,797.25,767.25,741.0,717.5,696.5,677.25,659.75,643.5,628.5,614.25,601.25,588.75,577.0,565.75,555.25,545.25,535.5,526.25,517.5,509.25,501.0,493.25,485.75,478.5,471.5,464.75,458.25,452.0,445.75,439.75,434.0,428.5,423.0,417.75,412.5,407.5,402.5,397.75,393.0,388.5,384.0,379.75,375.5,371.5,367.25,363.25,359.5,355.75,352.0,348.25,344.75,341.25,337.75,334.25,331.0,327.75,324.5,321.5,318.5,315.5,312.5,309.5,306.75,303.75,301.0,298.25,295.75,293.0,290.5,288.0,285.5,283.0,280.5,278.25,275.75,273.5,271.25,269.0,266.75,264.75,262.5,260.5,258.25,256.25,254.25,252.25,250.5,248.5,246.5,244.75,242.75,241.0,239.25,237.5,235.75,234.0,232.25,230.75,229.0,227.5
828.5,794.0,764.5,738.75,715.75,695.0,676.0,658.5,642.5,627.5,613.25,600.25,587.75,576.0,565.0,554.5,544.5,534.75,525.75,517.0,508.5,500.5,492.75,485.25,478.0,471.0,464.25,457.75,451.25,445.25,439.25,433.5,427.75,422.5,417.0,412.0,406.75,402.0,397.25,392.5,388.0,383.5,379.25,375.0,370.75,366.75,362.75,358.75,355.0,351.25,347.5,344.0,340.5,337.0,333.75,330.25,327.0,324.0,320.75,317.75,314.75,311.75,308.75,306.0,303.25,300.25,297.75,295.0,292.25,289.75,287.25,284.75,282.25,279.75,277.5,275.0,272.75,270.5,268.25,266.0,264.0,261.75,259.75,257.5,255.5,253.5,251.5,249.75,247.75,245.75,244.0,242.0,240.25,238.5,236.75,235.0,233.25,231.75,230.0,228.25,226.75
824.75,791.0,762.25,736.75,714.0,693.25,674.5,657.25,641.25,626.25,612.5,599.25,587.0,575.25,564.25,553.75,543.75,534.25,525.0,516.25,508.0,499.75,492.0,484.5,477.25,470.25,463.5,457.0,450.75,444.5,438.75,432.75,427.25,421.75,416.5,411.25,406.25,401.25,396.5,392.0,387.25,382.75,378.5,374.25,370.0,366.0,362.0,358.25,354.25,350.5,347.0,343.25,339.75,336.25,333.0,329.75,326.5,323.25,320.0,317.0,314.0,311.0,308.0,305.25,302.5,299.75,297.0,294.25,291.5,289.0,286.5,284.0,281.5,279.0,276.75,274.25,272.0,269.75,267.5,265.25,263.25,261.0,259.0,257.0,254.75,252.75,250.75,249.0,247.0,245.0,243.25,241.5,239.5,237.75,236.0,234.25,232.5,231.0,229.25,227.5,226.0
821.0,788.25,759.75,734.5,712.0,691.75,673.0,656.0,640.0,625.25,611.5,598.5,586.0,574.5,563.5,553.0,543.0,533.5,524.25,515.75,507.25,499.25,491.5,484.0,476.75,469.75,463.0,456.5,450.25,444.0,438.0,432.25,426.75,421.25,415.75,410.75,405.75,400.75,396.0,391.25,386.75,382.25,377.75,373.5,369.5,365.25,361.5,357.5,353.75,350.0,346.25,342.75,339.25,335.75,332.25,329.0,325.75,322.5,319.25,316.25,313.25,310.25,307.25,304.5,301.75,299.0,296.25,293.5,291.0,288.25,285.75,283.25,280.75,278.25,276.0,273.5,271.25,269.0,266.75,264.5,262.5,260.25,258.25,256.25,254.0,252.0,250.0,248.25,246.25,244.25,242.5,240.75,238.75,237.0,235.25,233.5,231.75,230.25,228.5,227.0,225.25
817.5,785.25,757.25,732.5,710.25,690.25,671.75,654.75,639.0,624.25,610.5,597.5,585.25,573.75,562.75,552.25,542.25,532.75,523.75,515.0,506.5,498.5,490.75,483.25,476.0,469.0,462.25,455.75,449.5,443.5,437.5,431.75,426.0,420.5,415.25,410.0,405.0,400.0,395.25,390.5,386.0,381.5,377.25,373.0,368.75,364.75,360.75,356.75,353.0,349.25,345.5,342.0,338.5,335.0,331.5,328.25,325.0,321.75,318.75,315.5,312.5,309.5,306.75,303.75,301.0,298.25,295.5,292.75,290.25,287.5,285.0,282.5,280.0,277.5,275.25,272.75,270.5,268.25,266.0,263.75,261.75,259.5,257.5,255.5,253.25,251.25,249.25,247.5,245.5,243.5,241.75,240.0,238.0,236.25,234.5,232.75,231.25,229.5,227.75,226.25,224.5
814.0,782.5,755.0,730.5,708.5,688.5,670.25,653.5,637.75,623.25,609.5,596.5,584.25,572.75,562.0,551.5,541.5,532.0,523.0,514.25,506.0,498.0,490.25,482.75,475.5,468.5,461.75,455.25,449.0,442.75,436.75,431.0,425.5,420.0,414.5,409.5,404.5,399.5,394.75,390.0,385.5,381.0,376.5,372.25,368.0,364.0,360.0,356.0,352.25,348.5,344.75,341.25,337.75,334.25,330.75,327.5,324.25,321.0,318.0,314.75,311.75,308.75,306.0,303.0,300.25,297.5,294.75,292.0,289.5,286.75,284.25,281.75,279.25,276.75,274.5,272.0,269.75,267.5,265.25,263.0,261.0,258.75,256.75,254.5,252.5,250.5,248.5,246.75,244.75,242.75,241.0,239.25,237.25,235.5,233.75,232.0,230.5,228.75,227.0,225.5,223.75
810.75,779.75,752.5,728.5,706.75,687.0,669.0,652.25,636.5,622.0,608.5,595.5,583.5,572.0,561.0,550.75,540.75,531.25,522.25,513.5,505.25,497.25,489.5,482.0,474.75,467.75,461.0,454.5,448.25,442.25,436.25,430.5,424.75,419.25,414.0,408.75,403.75,398.75,394.0,389.25,384.75,380.25,376.0,371.5,367.5,363.25,359.25,355.5,351.5,347.75,344.25,340.5,337.0,333.5,330.25,326.75,323.5,320.25,317.25,314.0,311.0,308.0,305.25,302.25,299.5,296.75,294.0,291.25,288.5,286.0,283.5,281.0,278.5,276.0,273.75,271.25,269.0,266.75,264.5,262.25,260.25,258.0,256.0,253.75,251.75,249.75,247.75,246.0,244.0,242.0,240.25,238.5,236.5,234.75,233.0,231.25,229.75,228.0,226.25,224.75,223.0
807.25,777.0,750.25,726.5,705.0,685.5,667.5,651.0,635.5,621.0,607.5,594.75,582.5,571.25,560.25,550.0,540.0,530.75,521.5,513.0,504.5,496.5,488.75,481.25,474.25,467.25,460.5,454.0,447.75,441.5,435.5,429.75,424.0,418.75,413.25,408.25,403.0,398.25,393.25,388.75,384.0,379.5,375.25,371.0,366.75,362.75,358.75,354.75,350.75,347.0,343.5,339.75,336.25,332.75,329.5,326.0,322.75,319.5,316.5,313.25,310.25,307.25,304.5,301.5,298.75,296.0,293.25,290.5,287.75,285.25,282.75,280.25,277.75,275.25,273.0,270.5,268.25,266.0,263.75,261.5,259.5,257.25,255.25,253.0,251.0,249.0,247.0,245.25,243.25,241.25,239.5,237.75,235.75,234.0,232.25,230.5,229.0,227.25,225.5,224.0,222.5
804.0,774.25,748.0,724.5,703.25,684.0,666.25,649.75,634.25,620.0,606.5,593.75,581.75,570.25,559.5,549.25,539.25,530.0,520.75,512.25,504.0,495.75,488.25,480.75,473.5,466.5,459.75,453.25,447.0,440.75,435.0,429.0,423.5,418.0,412.75,407.5,402.5,397.5,392.75,388.0,383.25,378.75,374.5,370.25,366.0,362.0,358.0,354.0,350.25,346.5,342.75,339.0,335.5,332.0,328.75,325.25,322.0,318.75,315.75,312.5,309.5,306.5,303.5,300.75,298.0,295.0,292.5,289.75,287.0,284.5,282.0,279.5,277.0,274.5,272.25,269.75,267.5,265.25,263.0,260.75,258.5,256.5,254.5,252.25,250.25,248.25,246.25,244.25,242.5,240.5,238.75,237.0,235.0,233.25,231.5,229.75,228.25,226.5,224.75,223.25,221.75
801.0,771.5,745.75,722.5,701.75,682.5,664.75,648.5,633.25,618.75,605.5,592.75,580.75,569.5,558.75,548.25,538.5,529.25,520.25,511.5,503.25,495.25,487.5,480.0,472.75,466.0,459.25,452.75,446.25,440.25,434.25,428.5,422.75,417.25,412.0,406.75,401.75,396.75,392.0,387.25,382.75,378.25,373.75,369.5,365.25,361.25,357.25,353.25,349.5,345.75,342.0,338.25,334.75,331.25,328.0,324.5,321.25,318.0,315.0,311.75,308.75,305.75,302.75,300.0,297.0,294.25,291.5,289.0,286.25,283.75,281.25,278.5,276.25,273.75,271.25,269.0,266.75,264.5,262.25,260.0,257.75,255.75,253.5,251.5,249.5,247.5,245.5,243.5,241.75,239.75,238.0,236.25,234.25,232.5,230.75,229.0,227.5,225.75,224.25,222.5,221.0
797.75,769.0,743.5,720.75,700.0,681.0,663.5,647.0,632.0,617.75,604.5,591.75,580.0,568.5,557.75,547.5,537.75,528.5,519.5,510.75,502.5,494.5,486.75,479.25,472.25,465.25,458.5,452.0,445.5,439.5,433.5,427.75,422.0,416.5,411.25,406.0,401.0,396.0,391.25,386.5,382.0,377.5,373.0,368.75,364.5,360.5,356.5,352.5,348.75,345.0,341.25,337.5,334.0,330.5,327.0,323.75,320.5,317.25,314.0,311.0,308.0,305.0,302.0,299.25,296.25,293.5,290.75,288.0,285.5,283.0,280.25,277.75,275.25,273.0,270.5,268.25,266.0,263.5,261.5,259.25,257.0,255.0,252.75,250.75,248.75,246.75,244.75,242.75,241.0,239.0,237.25,235.25,233.5,231.75,230.0,228.25,226.75,225.0,223.5,221.75,220.25
794.75,766.5,741.25,718.75,698.25,679.5,662.0,645.75,630.75,616.75,603.25,590.75,579.0,567.75,557.0,546.75,537.0,527.5,518.75,510.0,501.75,493.75,486.0,478.5,471.5,464.5,457.75,451.25,445.0,438.75,432.75,427.0,421.5,416.0,410.5,405.25,400.25,395.25,390.5,385.75,381.25,376.75,372.25,368.0,363.75,359.75,355.75,351.75,348.0,344.0,340.5,336.75,333.25,329.75,326.25,323.0,319.75,316.5,313.25,310.25,307.25,304.25,301.25,298.25,295.5,292.75,290.0,287.25,284.75,282.0,279.5,277.0,274.5,272.0,269.75,267.5,265.0,262.75,260.5,258.5,256.25,254.0,252.0,250.0,248.0,246.0,244.0,242.0,240.25,238.25,236.5,234.5,232.75,231.0,229.25,227.5,226.0,224.25,222.75,221.0,219.5
791.75,764.0,739.25,716.75,696.5,677.75,660.5,644.5,629.5,615.5,602.25,589.75,578.0,566.75,556.0,546.0,536.25,526.75,517.75,509.25,501.0,493.0,485.25,478.0,470.75,463.75,457.0,450.5,444.25,438.0,432.0,426.25,420.75,415.25,409.75,404.75,399.5,394.5,389.75,385.0,380.5,376.0,371.5,367.25,363.0,359.0,355.0,351.0,347.0,343.25,339.5,336.0,332.5,329.0,325.5,322.25,319.0,315.75,312.5,309.5,306.25,303.25,300.5,297.5,294.75,292.0,289.25,286.5,283.75,281.25,278.75,276.25,273.75,271.25,269.0,266.5,264.25,262.0,259.75,257.5,255.5,253.25,251.25,249.25,247.0,245.25,243.25,241.25,239.25,237.5,235.75,233.75,232.0,230.25,228.5,226.75,225.25,223.5,222.0,220.25,218.75
788.75,761.5,737.0,715.0,694.75,676.25,659.25,643.25,628.5,614.5,601.25,588.75,577.0,566.0,555.25,545.0,535.25,526.0,517.0,508.5,500.25,492.25,484.5,477.25,470.0,463.0,456.25,449.75,443.5,437.25,431.25,425.5,420.0,414.5,409.0,403.75,398.75,393.75,389.0,384.25,379.75,375.25,370.75,366.5,362.25,358.25,354.0,350.25,346.25,342.5,338.75,335.25,331.5,328.25,324.75,321.25,318.0,314.75,311.75,308.5,305.5,302.5,299.5,296.75,293.75,291.0,288.25,285.75,283.0,280.5,277.75,275.25,273.0,270.5,268.0,265.75,263.5,261.25,259.0,256.75,254.5,252.5,250.5,248.25,246.25,244.25,242.25,240.5,238.5,236.75,234.75,233.0,231.25,229.5,227.75,226.0,224.5,222.75,221.25,219.5,218.0
785.75,759.0,734.75,713.0,693.0,674.75,657.75,642.0,627.25,613.25,600.25,587.75,576.0,565.0,554.25,544.25,534.5,525.25,516.25,507.75,499.5,491.5,483.75,476.5,469.25,462.25,455.5,449.0,442.75,436.5,430.5,424.75,419.25,413.75,408.25,403.0,398.0,393.0,388.25,383.5,379.0,374.25,370.0,365.75,361.5,357.25,353.25,349.25,345.5,341.75,338.0,334.25,330.75,327.25,323.75,320.5,317.25,314.0,310.75,307.75,304.75,301.75,298.75,295.75,293.0,290.25,287.5,284.75,282.25,279.5,277.0,274.5,272.0,269.5,267.25,265.0,262.5,260.25,258.0,256.0,253.75,251.75,249.5,247.5,245.5,243.5,241.5,239.75,237.75,236.0,234.0,232.25,230.5,228.75,227.0,225.25,223.75,222.0,220.25,218.75,217.25
783.0,756.5,732.75,711.25,691.5,673.25,656.5,640.75,626.0,612.25,599.25,586.75,575.25,564.0,553.5,543.25,533.75,524.25,515.5,507.0,498.75,490.75,483.0,475.5,468.5,461.5,454.75,448.25,442.0,435.75,429.75,424.0,418.5,413.0,407.5,402.25,397.25,392.25,387.5,382.75,378.0,373.5,369.25,364.75,360.5,356.5,352.5,348.5,344.75,340.75,337.25,333.5,330.0,326.5,323.0,319.75,316.25,313.25,310.0,306.75,303.75,300.75,297.75,295.0,292.25,289.25,286.5,284.0,281.25,278.75,276.25,273.75,271.25,268.75,266.5,264.0,261.75,259.5,257.25,255.0,253.0,250.75,248.75,246.75,244.75,242.75,240.75,238.75,237.0,235.0,233.25,231.5,229.75,228.0,226.25,224.5,222.75,221.25,219.5,218.0,216.5
780.25,754.0,730.5,709.25,689.75,671.75,655.0,639.25,624.75,611.0,598.0,585.75,574.25,563.0,552.5,542.5,532.75,523.5,514.5,506.0,497.75,489.75,482.25,474.75,467.75,460.75,454.0,447.5,441.25,435.0,429.0,423.25,417.5,412.0,406.75,401.5,396.5,391.5,386.5,381.75,377.25,372.75,368.25,364.0,359.75,355.75,351.5,347.75,343.75,340.0,336.25,332.5,329.0,325.5,322.25,318.75,315.5,312.25,309.0,306.0,303.0,300.0,297.0,294.0,291.25,288.5,285.75,283.0,280.5,277.75,275.25,272.75,270.25,268.0,265.5,263.25,261.0,258.75,256.5,254.25,252.0,250.0,248.0,245.75,243.75,241.75,240.0,238.0,236.0,234.25,232.5,230.75,228.75,227.25,225.5,223.75,222.0,220.5,218.75,217.25,215.75
777.5,751.75,728.5,707.25,688.0,670.25,653.5,638.0,623.5,609.75,597.0,584.75,573.25,562.0,551.5,541.5,531.75,522.5,513.75,505.25,497.0,489.0,481.25,474.0,466.75,459.75,453.25,446.75,440.25,434.25,428.25,422.5,416.75,411.25,405.75,400.75,395.5,390.5,385.75,381.0,376.25,371.75,367.5,363.0,359.0,354.75,350.75,346.75,342.75,339.0,335.25,331.75,328.25,324.75,321.25,317.75,314.5,311.25,308.25,305.0,302.0,299.0,296.0,293.25,290.25,287.5,284.75,282.25,279.5,277.0,274.5,272.0,269.5,267.0,264.75,262.25,260.0,257.75,255.5,253.25,251.25,249.0,247.0,245.0,243.0,241.0,239.0,237.25,235.25,233.5,231.5,229.75,228.0,226.25,224.5,223.0,221.25,219.75,218.0,216.5,215.0
774.75,749.25,726.25,705.5,686.25,668.5,652.0,636.75,622.25,608.75,595.75,583.75,572.0,561.0,550.5,540.5,531.0,521.75,512.75,504.25,496.0,488.25,480.5,473.0,466.0,459.0,452.25,445.75,439.5,433.25,427.25,421.5,415.75,410.25,405.0,399.75,394.75,389.75,384.75,380.0,375.5,371.0,366.5,362.25,358.0,353.75,349.75,345.75,342.0,338.25,334.5,330.75,327.25,323.75,320.25,317.0,313.75,310.5,307.25,304.25,301.0,298.0,295.25,292.25,289.5,286.75,284.0,281.25,278.5,276.0,273.5,271.0,268.5,266.0,263.75,261.5,259.0,256.75,254.75,252.5,250.25,248.25,246.25,244.25,242.25,240.25,238.25,236.25,234.5,232.5,230.75,229.0,227.25,225.5,223.75,222.25,220.5,218.75,217.25,215.75,214.25
772.0,746.75,724.25,703.5,684.5,667.0,650.75,635.25,621.0,607.5,594.75,582.5,571.0,560.0,549.5,539.5,530.0,520.75,512.0,503.5,495.25,487.25,479.5,472.25,465.0,458.25,451.5,445.0,438.5,432.5,426.5,420.75,415.0,409.5,404.0,398.75,393.75,388.75,384.0,379.25,374.5,370.0,365.5,361.25,357.0,353.0,348.75,345.0,341.0,337.25,333.5,329.75,326.25,322.75,319.25,316.0,312.75,309.5,306.25,303.25,300.25,297.25,294.25,291.25,288.5,285.75,283.0,280.25,277.75,275.0,272.5,270.0,267.5,265.25,262.75,260.5,258.25,256.0,253.75,251.5,249.5,247.25,245.25,243.25,241.25,239.25,237.25,235.5,233.5,231.75,230.0,228.25,226.5,224.75,223.0,221.25,219.75,218.0,216.5,215.0,213.25
769.25,744.5,722.0,701.75,682.75,665.5,649.25,634.0,619.75,606.25,593.5,581.5,570.0,559.0,548.5,538.5,529.0,519.75,511.0,502.5,494.25,486.25,478.75,471.25,464.25,457.25,450.5,444.0,437.75,431.5,425.5,419.75,414.0,408.5,403.25,398.0,392.75,387.75,383.0,378.25,373.5,369.0,364.75,360.25,356.0,352.0,348.0,344.0,340.0,336.25,332.5,329.0,325.25,321.75,318.5,315.0,311.75,308.5,305.25,302.25,299.25,296.25,293.25,290.25,287.5,284.75,282.0,279.25,276.75,274.25,271.5,269.0,266.75,264.25,262.0,259.5,257.25,255.0,252.75,250.75,248.5,246.5,244.5,242.25,240.5,238.5,236.5,234.5,232.75,231.0,229.0,227.25,225.5,223.75,222.25,220.5,218.75,217.25,215.75,214.0,212.5
766.5,742.25,720.0,699.75,681.0,663.75,647.75,632.5,618.25,605.0,592.25,580.25,568.75,558.0,547.5,537.5,528.0,518.75,510.0,501.5,493.25,485.25,477.75,470.25,463.25,456.25,449.5,443.0,436.75,430.5,424.5,418.75,413.0,407.5,402.25,397.0,391.75,386.75,382.0,377.25,372.5,368.0,363.75,359.25,355.0,351.0,347.0,343.0,339.0,335.25,331.5,327.75,324.25,320.75,317.25,314.0,310.75,307.5,304.25,301.25,298.25,295.25,292.25,289.25,286.5,283.75,281.0,278.25,275.75,273.25,270.5,268.25,265.75,263.25,261.0,258.5,256.25,254.0,252.0,249.75,247.5,245.5,243.5,241.5,239.5,237.5,235.5,233.75,231.75,230.0,228.25,226.5,224.75,223.0,221.25,219.75,218.0,216.5,214.75,213.25,211.75
763.75,739.75,718.0,697.75,679.25,662.25,646.25,631.0,617.0,603.75,591.0,579.0,567.75,556.75,546.5,536.5,527.0,517.75,509.0,500.5,492.25,484.25,476.75,469.25,462.25,455.25,448.5,442.0,435.75,429.5,423.5,417.75,412.0,406.5,401.25,396.0,390.75,385.75,381.0,376.25,371.5,367.0,362.5,358.25,354.0,350.0,345.75,341.75,338.0,334.25,330.5,326.75,323.25,319.75,316.25,313.0,309.75,306.5,303.25,300.25,297.0,294.25,291.25,288.25,285.5,282.75,280.0,277.25,274.75,272.25,269.5,267.25,264.75,262.25,260.0,257.75,255.5,253.25,251.0,248.75,246.75,244.5,242.5,240.5,238.5,236.5,234.75,232.75,231.0,229.25,227.25,225.5,223.75,222.25,220.5,218.75,217.25,215.5,214.0,212.5,211.0
761.25,737.5,715.75,696.0,677.5,660.5,644.5,629.75,615.5,602.25,589.75,577.75,566.5,555.5,545.25,535.25,525.75,516.75,507.75,499.25,491.25,483.25,475.75,468.25,461.0,454.25,447.5,441.0,434.5,428.5,422.5,416.75,411.0,405.5,400.0,394.75,389.75,384.75,380.0,375.0,370.5,366.0,361.5,357.25,353.0,348.75,344.75,340.75,337.0,333.0,329.5,325.75,322.25,318.75,315.25,312.0,308.5,305.25,302.25,299.0,296.0,293.0,290.25,287.25,284.5,281.75,279.0,276.25,273.75,271.0,268.5,266.0,263.75,261.25,259.0,256.75,254.5,252.25,250.0,247.75,245.75,243.75,241.5,239.5,237.5,235.75,233.75,232.0,230.0,228.25,226.5,224.75,223.0,221.25,219.5,218.0,216.25,214.75,213.25,211.75,210.0
758.5,735.0,713.5,694.0,675.75,658.75,643.0,628.25,614.25,601.0,588.5,576.5,565.25,554.5,544.0,534.0,524.5,515.5,506.75,498.25,490.0,482.25,474.5,467.25,460.0,453.0,446.25,439.75,433.5,427.25,421.25,415.5,409.75,404.25,399.0,393.75,388.5,383.5,378.75,374.0,369.25,364.75,360.5,356.0,351.75,347.75,343.5,339.75,335.75,332.0,328.25,324.5,321.0,317.5,314.0,310.75,307.5,304.25,301.0,298.0,295.0,292.0,289.0,286.25,283.25,280.5,278.0,275.25,272.5,270.0,267.5,265.0,262.75,260.25,258.0,255.75,253.25,251.25,249.0,246.75,244.75,242.75,240.75,238.75,236.75,234.75,232.75,231.0,229.25,227.25,225.5,223.75,222.0,220.5,218.75,217.0,215.5,214.0,212.25,210.75,209.25
755.75,732.75,711.5,692.0,674.0,657.0,641.25,626.5,612.75,599.5,587.0,575.25,564.0,553.0,542.75,533.0,523.5,514.25,505.5,497.0,488.75,481.0,473.25,466.0,458.75,452.0,445.25,438.75,432.25,426.25,420.25,414.25,408.75,403.25,397.75,392.5,387.5,382.5,377.5,372.75,368.25,363.5,359.25,354.75,350.5,346.5,342.5,338.5,334.5,330.75,327.0,323.5,319.75,316.25,313.0,309.5,306.25,303.0,300.0,296.75,293.75,290.75,288.0,285.0,282.25,279.5,276.75,274.25,271.5,269.0,266.5,264.0,261.5,259.25,256.75,254.5,252.25,250.0,248.0,245.75,243.75,241.75,239.75,237.75,235.75,233.75,231.75,230.0,228.25,226.5,224.5,223.0,221.25,219.5,217.75,216.25,214.5,213.0,211.5,210.0,208.5
753.25,730.25,709.25,690.0,672.0,655.25,639.75,625.0,611.25,598.0,585.5,573.75,562.5,551.75,541.5,531.5,522.0,513.0,504.25,495.75,487.5,479.75,472.0,464.75,457.5,450.75,444.0,437.5,431.0,425.0,419.0,413.0,407.5,402.0,396.5,391.25,386.25,381.25,376.25,371.5,367.0,362.25,358.0,353.5,349.25,345.25,341.25,337.25,333.25,329.5,325.75,322.25,318.5,315.25,311.75,308.25,305.0,301.75,298.75,295.75,292.5,289.75,286.75,283.75,281.0,278.25,275.5,273.0,270.5,267.75,265.25,263.0,260.5,258.0,255.75,253.5,251.25,249.0,247.0,244.75,242.75,240.5,238.5,236.75,234.75,232.75,231.0,229.0,227.25,225.5,223.75,222.0,220.25,218.5,217.0,215.25,213.75,212.0,210.5,209.0,207.5
750.5,727.75,707.0,687.75,670.0,653.5,638.0,623.25,609.5,596.5,584.0,572.25,561.0,550.25,540.0,530.25,520.75,511.75,502.75,494.5,486.25,478.5,470.75,463.5,456.25,449.25,442.5,436.0,429.75,423.5,417.5,411.75,406.0,400.5,395.25,390.0,384.75,379.75,375.0,370.25,365.5,361.0,356.5,352.25,348.0,344.0,339.75,336.0,332.0,328.25,324.5,320.75,317.25,313.75,310.5,307.0,303.75,300.5,297.5,294.25,291.25,288.5,285.5,282.75,279.75,277.0,274.5,271.75,269.25,266.75,264.25,261.75,259.25,257.0,254.75,252.25,250.25,248.0,245.75,243.75,241.5,239.5,237.5,235.5,233.75,231.75,229.75,228.0,226.25,224.5,222.75,221.0,219.25,217.5,216.0,214.25,212.75,211.25,209.75,208.25,206.75
747.75,725.25,704.75,685.75,668.0,651.5,636.0,621.5,607.75,594.75,582.5,570.75,559.5,548.75,538.5,528.75,519.25,510.25,501.5,493.0,484.75,477.0,469.25,462.0,454.75,448.0,441.25,434.75,428.25,422.25,416.25,410.25,404.75,399.25,393.75,388.5,383.5,378.5,373.5,368.75,364.25,359.5,355.25,350.75,346.5,342.5,338.5,334.5,330.5,326.75,323.0,319.5,316.0,312.5,309.0,305.75,302.5,299.25,296.25,293.0,290.0,287.0,284.25,281.25,278.5,275.75,273.25,270.5,268.0,265.5,263.0,260.5,258.0,255.75,253.5,251.25,249.0,246.75,244.75,242.5,240.5,238.5,236.5,234.5,232.5,230.75,228.75,227.0,225.25,223.5,221.75,220.0,218.25,216.5,215.0,213.5,211.75,210.25,208.75,207.25,205.75
745.0,722.75,702.25,683.5,666.0,649.5,634.25,619.75,606.0,593.0,580.75,569.0,558.0,547.25,537.0,527.25,517.75,508.5,499.75,491.5,483.25,475.5,467.75,460.5,453.25,446.25,439.75,433.25,426.75,420.75,414.75,408.75,403.25,397.5,392.25,387.0,381.75,377.0,372.0,367.25,362.5,358.0,353.75,349.25,345.0,341.0,337.0,333.0,329.25,325.25,321.75,318.0,314.5,311.0,307.75,304.25,301.0,297.75,294.75,291.75,288.75,285.75,282.75,280.0,277.25,274.5,271.75,269.25,266.75,264.25,261.75,259.25,256.75,254.5,252.25,250.0,247.75,245.5,243.5,241.5,239.25,237.25,235.25,233.25,231.5,229.5,227.75,226.0,224.0,222.25,220.5,219.0,217.25,215.5,214.0,212.5,210.75,209.25,207.75,206.25,204.75
742.25,720.25,700.0,681.25,663.75,647.5,632.25,617.75,604.25,591.25,579.0,567.25,556.0,545.5,535.25,525.5,516.0,507.0,498.25,489.75,481.5,473.75,466.25,458.75,451.5,444.75,438.0,431.5,425.25,419.0,413.0,407.25,401.5,396.0,390.5,385.25,380.25,375.25,370.25,365.5,361.0,356.5,352.0,347.75,343.5,339.5,335.25,331.5,327.5,323.75,320.0,316.5,313.0,309.5,306.0,302.75,299.5,296.25,293.25,290.25,287.25,284.25,281.5,278.5,275.75,273.0,270.5,267.75,265.25,262.75,260.25,258.0,255.5,253.25,251.0,248.75,246.5,244.25,242.25,240.25,238.0,236.0,234.25,232.25,230.25,228.5,226.5,224.75,223.0,221.25,219.5,217.75,216.25,214.5,213.0,211.25,209.75,208.25,206.75,205.25,203.75
739.25,717.5,697.25,678.75,661.5,645.25,630.0,615.75,602.0,589.25,577.0,565.25,554.25,543.5,533.25,523.5,514.25,505.0,496.25,488.0,479.75,472.0,464.25,457.0,449.75,443.0,436.25,429.75,423.25,417.25,411.25,405.25,399.75,394.25,388.75,383.5,378.5,373.5,368.5,363.75,359.25,354.75,350.25,346.0,341.75,337.75,333.75,329.75,325.75,322.0,318.5,314.75,311.25,307.75,304.5,301.25,298.0,294.75,291.75,288.5,285.75,282.75,279.75,277.0,274.25,271.75,269.0,266.5,263.75,261.25,259.0,256.5,254.25,251.75,249.5,247.25,245.25,243.0,241.0,238.75,236.75,234.75,233.0,231.0,229.0,227.25,225.5,223.5,221.75,220.0,218.5,216.75,215.0,213.5,211.75,210.25,208.75,207.25,205.75,204.25,202.75
736.25,714.75,694.75,676.25,659.0,643.0,627.75,613.5,600.0,587.0,575.0,563.25,552.25,541.5,531.25,521.5,512.0,503.0,494.25,486.0,477.75,470.0,462.25,455.0,447.75,441.0,434.25,427.75,421.25,415.25,409.25,403.25,397.75,392.25,386.75,381.5,376.5,371.5,366.75,362.0,357.25,352.75,348.5,344.0,340.0,335.75,331.75,327.75,324.0,320.25,316.5,313.0,309.5,306.0,302.75,299.5,296.25,293.0,290.0,287.0,284.0,281.0,278.25,275.5,272.75,270.0,267.5,264.75,262.25,259.75,257.5,255.0,252.75,250.5,248.25,246.0,243.75,241.75,239.5,237.5,235.5,233.5,231.5,229.75,227.75,226.0,224.0,222.25,220.5,218.75,217.25,215.5,214.0,212.25,210.75,209.25,207.5,206.0,204.5,203.25,201.75
733.25,711.75,692.0,673.5,656.5,640.5,625.25,611.0,597.5,584.75,572.5,561.0,549.75,539.25,529.0,519.25,509.75,500.75,492.0,483.75,475.5,467.75,460.0,452.75,445.5,438.75,432.0,425.5,419.25,413.0,407.0,401.25,395.5,390.0,384.75,379.5,374.25,369.25,364.5,359.75,355.25,350.75,346.25,342.0,337.75,333.75,329.75,325.75,322.0,318.25,314.75,311.0,307.5,304.25,300.75,297.5,294.25,291.25,288.25,285.25,282.25,279.25,276.5,273.75,271.0,268.25,265.75,263.25,260.75,258.25,255.75,253.5,251.0,248.75,246.5,244.5,242.25,240.25,238.0,236.0,234.0,232.0,230.25,228.25,226.5,224.5,222.75,221.0,219.25,217.5,216.0,214.25,212.5,211.0,209.5,208.0,206.25,205.0,203.5,202.0,200.5
730.0,708.75,689.0,670.75,653.75,637.75,622.75,608.5,595.0,582.25,570.0,558.5,547.25,536.75,526.5,516.75,507.25,498.25,489.5,481.25,473.0,465.25,457.5,450.25,443.0,436.25,429.5,423.0,416.75,410.5,404.5,398.75,393.0,387.5,382.25,377.0,372.0,367.0,362.25,357.5,352.75,348.5,344.0,339.75,335.5,331.5,327.5,323.5,319.75,316.0,312.5,309.0,305.5,302.0,298.75,295.5,292.25,289.25,286.0,283.25,280.25,277.25,274.5,271.75,269.0,266.5,263.75,261.25,258.75,256.5,254.0,251.75,249.5,247.0,245.0,242.75,240.5,238.5,236.5,234.5,232.5,230.5,228.5,226.75,224.75,223.0,221.25,219.5,217.75,216.0,214.5,212.75,211.25,209.75,208.0,206.5,205.0,203.5,202.0,200.75,199.25
726.75,705.5,686.0,667.75,650.75,634.75,619.75,605.5,592.0,579.25,567.25,555.5,544.5,534.0,523.75,514.0,504.5,495.5,486.75,478.5,470.25,462.5,454.75,447.5,440.25,433.5,426.75,420.25,414.0,407.75,401.75,396.0,390.25,385.0,379.5,374.25,369.25,364.25,359.5,354.75,350.25,345.75,341.5,337.25,333.0,329.0,325.0,321.25,317.25,313.75,310.0,306.5,303.0,299.75,296.5,293.25,290.0,287.0,284.0,281.0,278.0,275.25,272.5,269.75,267.0,264.5,261.75,259.25,256.75,254.5,252.0,249.75,247.5,245.25,243.0,240.75,238.75,236.75,234.75,232.75,230.75,228.75,226.75,225.0,223.25,221.5,219.5,218.0,216.25,214.5,212.75,211.25,209.75,208.0,206.5,205.0,203.5,202.0,200.75,199.25,197.75
723.25,702.0,682.5,664.25,647.25,631.5,616.5,602.25,588.75,576.0,564.0,552.25,541.25,530.75,520.5,510.75,501.25,492.25,483.5,475.25,467.0,459.25,451.5,444.25,437.0,430.25,423.5,417.0,410.75,404.5,398.5,392.75,387.25,381.75,376.5,371.25,366.25,361.25,356.5,351.75,347.25,342.75,338.5,334.25,330.0,326.0,322.25,318.25,314.5,310.75,307.25,303.75,300.25,297.0,293.75,290.5,287.5,284.25,281.25,278.5,275.5,272.75,270.0,267.25,264.5,262.0,259.5,257.0,254.5,252.25,249.75,247.5,245.25,243.0,240.75,238.75,236.75,234.5,232.5,230.5,228.75,226.75,225.0,223.0,221.25,219.5,217.75,216.0,214.25,212.75,211.0,209.5,208.0,206.25,204.75,203.25,201.75,200.5,199.0,197.5,196.25
719.25,698.25,678.75,660.5,643.5,627.75,612.75,598.5,585.0,572.25,560.25,548.5,537.5,526.75,516.75,507.0,497.5,488.5,479.75,471.25,463.25,455.25,447.75,440.5,433.25,426.25,419.75,413.25,407.0,400.75,394.75,389.0,383.5,378.0,372.75,367.5,362.5,357.75,352.75,348.25,343.75,339.25,335.0,330.75,326.75,322.75,318.75,315.0,311.25,307.5,304.0,300.5,297.25,293.75,290.5,287.5,284.25,281.25,278.25,275.5,272.5,269.75,267.0,264.5,261.75,259.25,256.75,254.25,251.75,249.5,247.25,245.0,242.75,240.5,238.25,236.25,234.25,232.25,230.25,228.25,226.25,224.5,222.5,220.75,219.0,217.25,215.5,213.75,212.25,210.5,209.0,207.25,205.75,204.25,202.75,201.25,199.75,198.5,197.0,195.75,194.25
715.25,694.0,674.5,656.25,639.25,623.25,608.25,594.0,580.5,567.75,555.5,544.0,532.75,522.25,512.0,502.25,492.75,483.75,475.0,466.5,458.5,450.5,443.0,435.75,428.5,421.75,415.0,408.5,402.25,396.25,390.25,384.5,379.0,373.5,368.25,363.0,358.0,353.25,348.5,343.75,339.5,335.0,330.75,326.5,322.5,318.5,314.75,311.0,307.25,303.5,300.0,296.75,293.25,290.0,286.75,283.75,280.75,277.75,274.75,271.75,269.0,266.25,263.75,261.0,258.5,256.0,253.5,251.0,248.75,246.25,244.0,241.75,239.5,237.5,235.25,233.25,231.25,229.25,227.25,225.5,223.5,221.75,219.75,218.0,216.25,214.5,213.0,211.25,209.5,208.0,206.5,204.75,203.25,201.75,200.25,199.0,197.5,196.0,194.75,193.25,192.0
710.25,689.0,669.25,651.0,633.75,617.75,602.75,588.5,575.0,562.0,549.75,538.0,527.0,516.25,506.0,496.25,486.75,477.75,469.0,460.5,452.5,444.5,437.0,429.5,422.5,415.75,409.0,402.5,396.25,390.25,384.5,378.75,373.25,367.75,362.5,357.5,352.5,347.75,343.0,338.5,334.0,329.75,325.5,321.25,317.25,313.5,309.5,306.0,302.25,298.75,295.25,292.0,288.5,285.25,282.25,279.25,276.25,273.25,270.25,267.5,264.75,262.0,259.5,256.75,254.25,251.75,249.5,247.0,244.75,242.5,240.25,238.0,236.0,233.75,231.75,229.75,227.75,225.75,223.75,222.0,220.25,218.25,216.5,214.75,213.0,211.5,209.75,208.0,206.5,205.0,203.5,202.0,200.5,199.0,197.5,196.0,194.75,193.25,192.0,190.75,189.25
704.0,682.5,662.5,644.0,626.75,610.5,595.25,580.75,567.25,554.25,542.0,530.25,519.0,508.25,498.0,488.25,478.75,469.75,461.0,452.5,444.5,436.5,429.0,421.75,414.75,408.0,401.25,395.0,388.75,382.75,377.0,371.25,365.75,360.5,355.5,350.5,345.5,340.75,336.25,331.75,327.25,323.0,319.0,315.0,311.0,307.25,303.5,299.75,296.25,292.75,289.5,286.25,283.0,279.75,276.75,273.75,270.75,268.0,265.25,262.5,259.75,257.0,254.5,252.0,249.5,247.25,244.75,242.5,240.25,238.0,235.75,233.75,231.5,229.5,227.5,225.5,223.75,221.75,220.0,218.0,216.25,214.5,212.75,211.0,209.5,207.75,206.25,204.5,203.0,201.5,200.0,198.5,197.0,195.75,194.25,193.0,191.5,190.25,189.0,187.5,186.25
697.25,675.25,654.75,636.0,618.5,602.0,586.5,572.0,558.25,545.25,532.75,521.0,509.75,499.0,488.75,479.0,469.5,460.5,451.75,443.5,435.5,427.75,420.25,413.0,406.0,399.25,392.75,386.5,380.5,374.5,368.75,363.25,358.0,352.75,347.75,342.75,338.0,333.5,329.0,324.5,320.25,316.25,312.0,308.25,304.5,300.75,297.0,293.5,290.0,286.75,283.5,280.25,277.0,274.0,271.0,268.0,265.25,262.5,259.75,257.0,254.5,252.0,249.5,247.0,244.75,242.25,240.0,237.75,235.5,233.5,231.25,229.25,227.25,225.25,223.25,221.5,219.5,217.75,216.0,214.25,212.5,210.75,209.0,207.5,205.75,204.25,202.5,201.0,199.5,198.0,196.75,195.25,193.75,192.5,191.0,189.75,188.5,187.0,185.75,184.5,183.25
