691.75,678.75,666.0,653.75,641.75,630.25,619.25,608.5,598.0,588.0,578.25,569.0,559.75,551.0,542.75,534.5,526.75,519.0,511.75,504.75,497.75,491.25,485.0,478.75,472.75,467.0,461.5,456.0,450.75,445.75,441.0,436.25,431.5,427.0,422.75,418.5,414.25,410.25,406.25,402.5,398.75,395.25,391.5,388.25,384.75,381.5,378.25,375.0,372.0,369.0,366.0,363.0,360.25,357.5,354.75,352.0,349.5,346.75,344.25,341.75,339.5,337.0,334.75,332.25,330.0,327.75,325.75,323.5,321.25,319.25,317.25,315.25,313.25,311.25,309.25,307.5,305.5,303.75,302.0,300.25,298.5,296.75,295.0,293.25,291.5,290.0,288.25,286.75,285.25,283.75,282.0,280.5,279.0,277.75,276.25,274.75,273.25,272.0,270.5,269.25,268.0
689.25,676.25,663.75,651.5,639.75,628.25,617.25,606.5,596.25,586.25,576.75,567.25,558.25,549.75,541.25,533.25,525.5,518.0,510.5,503.5,496.75,490.25,484.0,477.75,472.0,466.25,460.75,455.25,450.0,445.0,440.25,435.5,430.75,426.25,422.0,417.75,413.75,409.75,405.75,402.0,398.25,394.5,391.0,387.5,384.25,381.0,377.75,374.5,371.5,368.5,365.5,362.75,359.75,357.0,354.25,351.5,349.0,346.5,344.0,341.5,339.0,336.5,334.25,332.0,329.75,327.5,325.25,323.25,321.0,319.0,317.0,314.75,313.0,311.0,309.0,307.0,305.25,303.5,301.5,299.75,298.0,296.25,294.75,293.0,291.25,289.75,288.0,286.5,285.0,283.25,281.75,280.25,278.75,277.5,276.0,274.5,273.0,271.75,270.25,269.0,267.75
687.0,674.0,661.5,649.25,637.5,626.25,615.25,604.75,594.5,584.5,575.0,565.75,556.75,548.25,540.0,532.0,524.25,516.75,509.5,502.5,495.75,489.25,483.0,477.0,471.0,465.5,459.75,454.5,449.25,444.25,439.5,434.75,430.25,425.75,421.5,417.25,413.0,409.0,405.25,401.5,397.75,394.0,390.5,387.0,383.75,380.5,377.25,374.0,371.0,368.0,365.0,362.25,359.25,356.5,353.75,351.25,348.5,346.0,343.5,341.0,338.5,336.25,334.0,331.5,329.25,327.0,325.0,322.75,320.75,318.5,316.5,314.5,312.5,310.5,308.75,306.75,305.0,303.0,301.25,299.5,297.75,296.0,294.25,292.75,291.0,289.25,287.75,286.25,284.5,283.0,281.5,280.0,278.5,277.0,275.75,274.25,272.75,271.5,270.0,268.75,267.25
684.5,671.5,659.25,647.0,635.5,624.25,613.25,602.75,592.75,582.75,573.25,564.25,555.25,546.75,538.5,530.5,523.0,515.5,508.25,501.5,494.75,488.25,482.0,476.0,470.25,464.5,459.0,453.75,448.5,443.5,438.75,434.0,429.5,425.0,420.75,416.5,412.5,408.5,404.5,400.75,397.25,393.5,390.0,386.5,383.25,380.0,376.75,373.5,370.5,367.5,364.5,361.75,359.0,356.25,353.5,350.75,348.25,345.5,343.0,340.5,338.25,335.75,333.5,331.25,329.0,326.75,324.5,322.5,320.25,318.25,316.25,314.25,312.25,310.25,308.25,306.5,304.5,302.75,301.0,299.25,297.5,295.75,294.0,292.25,290.75,289.0,287.5,286.0,284.25,282.75,281.25,279.75,278.25,276.75,275.25,274.0,272.5,271.25,269.75,268.5,267.0
682.0,669.25,656.75,645.0,633.25,622.25,611.25,601.0,590.75,581.0,571.75,562.5,553.75,545.5,537.25,529.25,521.75,514.25,507.25,500.25,493.75,487.25,481.0,475.0,469.25,463.75,458.25,453.0,447.75,442.75,438.0,433.25,428.75,424.5,420.0,416.0,411.75,408.0,404.0,400.25,396.5,393.0,389.5,386.0,382.75,379.5,376.25,373.0,370.0,367.0,364.0,361.25,358.5,355.75,353.0,350.25,347.75,345.25,342.75,340.25,337.75,335.5,333.0,330.75,328.5,326.25,324.25,322.0,320.0,317.75,315.75,313.75,311.75,310.0,308.0,306.0,304.25,302.5,300.75,298.75,297.0,295.5,293.75,292.0,290.5,288.75,287.25,285.5,284.0,282.5,281.0,279.5,278.0,276.5,275.0,273.75,272.25,270.75,269.5,268.25,266.75
679.5,666.75,654.5,642.75,631.25,620.0,609.5,599.0,589.0,579.5,570.0,561.0,552.25,544.0,535.75,528.0,520.5,513.25,506.0,499.25,492.75,486.25,480.25,474.25,468.5,462.75,457.5,452.25,447.0,442.0,437.25,432.75,428.25,423.75,419.5,415.25,411.25,407.25,403.5,399.75,396.0,392.5,389.0,385.5,382.25,379.0,375.75,372.5,369.5,366.5,363.75,360.75,358.0,355.25,352.5,349.75,347.25,344.75,342.25,339.75,337.25,335.0,332.75,330.5,328.25,326.0,323.75,321.75,319.5,317.5,315.5,313.5,311.5,309.5,307.75,305.75,304.0,302.0,300.25,298.5,296.75,295.0,293.25,291.75,290.0,288.5,286.75,285.25,283.75,282.25,280.75,279.25,277.75,276.25,274.75,273.25,272.0,270.5,269.25,267.75,266.5
677.0,664.5,652.25,640.5,629.0,618.0,607.5,597.25,587.25,577.75,568.5,559.5,550.75,542.5,534.5,526.75,519.25,512.0,505.0,498.25,491.5,485.25,479.25,473.25,467.5,462.0,456.5,451.25,446.25,441.25,436.5,432.0,427.5,423.0,418.75,414.75,410.5,406.75,402.75,399.0,395.5,391.75,388.25,385.0,381.75,378.5,375.25,372.0,369.0,366.0,363.25,360.25,357.5,354.75,352.0,349.5,346.75,344.25,341.75,339.25,337.0,334.5,332.25,330.0,327.75,325.5,323.25,321.25,319.25,317.0,315.0,313.0,311.0,309.25,307.25,305.5,303.5,301.75,300.0,298.25,296.5,294.75,293.0,291.25,289.75,288.0,286.5,285.0,283.25,281.75,280.25,278.75,277.25,276.0,274.5,273.0,271.75,270.25,269.0,267.5,266.25
674.75,662.25,650.0,638.25,627.0,616.0,605.5,595.25,585.5,576.0,566.75,558.0,549.25,541.0,533.0,525.25,518.0,510.75,503.75,497.0,490.5,484.25,478.25,472.25,466.5,461.0,455.75,450.5,445.5,440.5,435.75,431.25,426.75,422.25,418.0,414.0,410.0,406.0,402.25,398.5,394.75,391.25,387.75,384.5,381.0,377.75,374.75,371.5,368.5,365.5,362.75,359.75,357.0,354.25,351.5,349.0,346.25,343.75,341.25,339.0,336.5,334.25,331.75,329.5,327.25,325.0,323.0,320.75,318.75,316.75,314.75,312.75,310.75,308.75,307.0,305.0,303.25,301.25,299.5,297.75,296.0,294.25,292.75,291.0,289.25,287.75,286.25,284.5,283.0,281.5,280.0,278.5,277.0,275.5,274.25,272.75,271.25,270.0,268.5,267.25,266.0
672.25,659.75,647.75,636.0,624.75,614.0,603.5,593.5,583.75,574.25,565.0,556.25,547.75,539.5,531.75,524.0,516.75,509.5,502.5,496.0,489.5,483.25,477.25,471.25,465.75,460.25,454.75,449.75,444.75,439.75,435.0,430.5,426.0,421.75,417.5,413.25,409.25,405.5,401.5,397.75,394.25,390.75,387.25,383.75,380.5,377.25,374.25,371.0,368.0,365.0,362.25,359.25,356.5,353.75,351.0,348.5,346.0,343.25,341.0,338.5,336.0,333.75,331.5,329.25,327.0,324.75,322.5,320.5,318.25,316.25,314.25,312.25,310.25,308.5,306.5,304.75,302.75,301.0,299.25,297.5,295.75,294.0,292.25,290.75,289.0,287.5,285.75,284.25,282.75,281.25,279.75,278.25,276.75,275.25,273.75,272.5,271.0,269.5,268.25,267.0,265.5
669.75,657.5,645.5,634.0,622.75,612.0,601.5,591.5,581.75,572.5,563.5,554.75,546.25,538.25,530.25,522.75,515.5,508.25,501.5,494.75,488.5,482.25,476.25,470.5,464.75,459.25,454.0,448.75,443.75,439.0,434.25,429.75,425.25,421.0,416.75,412.75,408.75,404.75,401.0,397.25,393.5,390.0,386.75,383.25,380.0,376.75,373.5,370.5,367.5,364.5,361.75,358.75,356.0,353.25,350.5,348.0,345.5,343.0,340.5,338.0,335.5,333.25,331.0,328.75,326.5,324.25,322.0,320.0,318.0,315.75,313.75,311.75,310.0,308.0,306.0,304.25,302.5,300.5,298.75,297.0,295.25,293.5,292.0,290.25,288.75,287.0,285.5,284.0,282.25,280.75,279.25,277.75,276.25,275.0,273.5,272.0,270.75,269.25,268.0,266.5,265.25
667.5,655.0,643.25,631.75,620.75,610.0,599.75,589.75,580.0,570.75,561.75,553.25,544.75,536.75,529.0,521.5,514.0,507.0,500.25,493.75,487.25,481.25,475.25,469.5,463.75,458.5,453.0,448.0,443.0,438.25,433.5,429.0,424.5,420.25,416.0,412.0,408.0,404.0,400.25,396.5,393.0,389.5,386.0,382.75,379.5,376.25,373.0,370.0,367.0,364.0,361.0,358.25,355.5,352.75,350.25,347.5,345.0,342.5,340.0,337.5,335.25,332.75,330.5,328.25,326.0,323.75,321.75,319.5,317.5,315.5,313.5,311.5,309.5,307.5,305.75,303.75,302.0,300.25,298.5,296.75,295.0,293.25,291.5,290.0,288.25,286.75,285.0,283.5,282.0,280.5,279.0,277.5,276.0,274.5,273.0,271.75,270.25,269.0,267.5,266.25,265.0
665.0,652.75,641.0,629.5,618.5,608.0,597.75,587.75,578.25,569.0,560.25,551.5,543.25,535.25,527.5,520.0,512.75,505.75,499.0,492.5,486.25,480.0,474.25,468.5,463.0,457.5,452.25,447.25,442.25,437.5,432.75,428.25,423.75,419.5,415.25,411.25,407.25,403.5,399.75,396.0,392.5,389.0,385.5,382.0,378.75,375.5,372.5,369.5,366.5,363.5,360.5,357.75,355.0,352.25,349.75,347.0,344.5,342.0,339.5,337.0,334.75,332.25,330.0,327.75,325.5,323.5,321.25,319.25,317.0,315.0,313.0,311.0,309.0,307.25,305.25,303.5,301.5,299.75,298.0,296.25,294.5,292.75,291.25,289.5,288.0,286.25,284.75,283.25,281.5,280.0,278.5,277.0,275.5,274.25,272.75,271.25,270.0,268.5,267.25,266.0,264.5
662.5,650.5,638.75,627.25,616.5,606.0,595.75,586.0,576.5,567.25,558.5,550.0,541.75,533.75,526.25,518.75,511.5,504.5,498.0,491.5,485.25,479.0,473.25,467.5,462.0,456.5,451.25,446.25,441.5,436.5,432.0,427.5,423.0,418.75,414.75,410.5,406.75,402.75,399.0,395.25,391.75,388.25,384.75,381.5,378.25,375.0,372.0,368.75,365.75,363.0,360.0,357.25,354.5,351.75,349.0,346.5,344.0,341.5,339.0,336.5,334.25,331.75,329.5,327.25,325.0,323.0,320.75,318.75,316.5,314.5,312.5,310.5,308.75,306.75,304.75,303.0,301.25,299.5,297.5,295.75,294.25,292.5,290.75,289.25,287.5,286.0,284.25,282.75,281.25,279.75,278.25,276.75,275.25,273.75,272.5,271.0,269.5,268.25,266.75,265.5,264.25
660.25,648.0,636.5,625.25,614.25,604.0,593.75,584.0,574.75,565.5,556.75,548.5,540.25,532.25,524.75,517.5,510.25,503.5,496.75,490.25,484.0,478.0,472.25,466.5,461.0,455.75,450.5,445.5,440.5,435.75,431.25,426.75,422.25,418.0,414.0,410.0,406.0,402.0,398.25,394.75,391.25,387.75,384.25,381.0,377.75,374.5,371.25,368.25,365.25,362.5,359.5,356.75,354.0,351.25,348.5,346.0,343.5,341.0,338.5,336.0,333.75,331.5,329.0,326.75,324.75,322.5,320.25,318.25,316.25,314.25,312.25,310.25,308.25,306.25,304.5,302.5,300.75,299.0,297.25,295.5,293.75,292.0,290.25,288.75,287.0,285.5,284.0,282.25,280.75,279.25,277.75,276.25,274.75,273.5,272.0,270.5,269.25,267.75,266.5,265.25,263.75
657.75,645.75,634.25,623.0,612.25,601.75,591.75,582.25,573.0,564.0,555.25,546.75,538.75,531.0,523.25,516.0,509.0,502.25,495.5,489.25,483.0,477.0,471.0,465.5,460.0,454.75,449.5,444.5,439.75,435.0,430.5,426.0,421.5,417.25,413.25,409.25,405.25,401.5,397.75,394.0,390.5,387.0,383.5,380.25,377.0,373.75,370.75,367.75,364.75,361.75,359.0,356.25,353.5,350.75,348.0,345.5,343.0,340.5,338.0,335.5,333.25,331.0,328.5,326.5,324.25,322.0,320.0,317.75,315.75,313.75,311.75,309.75,307.75,306.0,304.0,302.25,300.25,298.5,296.75,295.0,293.25,291.75,290.0,288.25,286.75,285.0,283.5,282.0,280.5,279.0,277.5,276.0,274.5,273.0,271.5,270.25,268.75,267.5,266.0,264.75,263.5
655.25,643.5,632.0,620.75,610.25,599.75,590.0,580.25,571.0,562.25,553.5,545.25,537.25,529.5,522.0,514.75,507.75,501.0,494.25,488.0,481.75,475.75,470.0,464.5,459.0,453.75,448.75,443.75,438.75,434.25,429.5,425.0,420.75,416.5,412.5,408.5,404.5,400.75,397.0,393.5,389.75,386.5,383.0,379.75,376.5,373.25,370.25,367.25,364.25,361.25,358.5,355.5,352.75,350.25,347.5,345.0,342.5,340.0,337.5,335.0,332.75,330.5,328.25,326.0,323.75,321.5,319.5,317.25,315.25,313.25,311.25,309.25,307.25,305.5,303.5,301.75,300.0,298.0,296.25,294.5,293.0,291.25,289.5,288.0,286.25,284.75,283.0,281.5,280.0,278.5,277.0,275.5,274.0,272.75,271.25,269.75,268.5,267.0,265.75,264.5,263.0
653.0,641.0,629.75,618.75,608.0,597.75,588.0,578.5,569.25,560.5,552.0,543.75,535.75,528.0,520.5,513.25,506.25,499.75,493.0,486.75,480.75,474.75,469.0,463.5,458.0,452.75,447.75,442.75,438.0,433.25,428.75,424.25,420.0,415.75,411.75,407.75,403.75,400.0,396.25,392.75,389.25,385.75,382.25,379.0,375.75,372.75,369.5,366.5,363.5,360.75,357.75,355.0,352.25,349.75,347.0,344.5,342.0,339.5,337.0,334.5,332.25,330.0,327.75,325.5,323.25,321.0,319.0,316.75,314.75,312.75,310.75,308.75,307.0,305.0,303.0,301.25,299.5,297.75,296.0,294.25,292.5,290.75,289.0,287.5,285.75,284.25,282.75,281.25,279.5,278.0,276.5,275.0,273.75,272.25,270.75,269.5,268.0,266.75,265.25,264.0,262.75
650.5,638.75,627.5,616.5,606.0,595.75,586.0,576.5,567.5,558.75,550.25,542.0,534.25,526.5,519.0,512.0,505.0,498.5,492.0,485.75,479.5,473.75,468.0,462.5,457.0,451.75,446.75,442.0,437.0,432.5,428.0,423.5,419.25,415.0,411.0,407.0,403.0,399.25,395.75,392.0,388.5,385.0,381.75,378.5,375.25,372.0,369.0,366.0,363.0,360.0,357.25,354.5,351.75,349.0,346.5,344.0,341.25,339.0,336.5,334.0,331.75,329.5,327.25,325.0,322.75,320.5,318.5,316.25,314.25,312.25,310.25,308.25,306.5,304.5,302.75,300.75,299.0,297.25,295.5,293.75,292.0,290.25,288.75,287.0,285.5,283.75,282.25,280.75,279.25,277.75,276.25,274.75,273.25,271.75,270.5,269.0,267.5,266.25,265.0,263.5,262.25
648.0,636.5,625.25,614.25,604.0,593.75,584.0,574.75,565.75,557.0,548.5,540.5,532.5,525.0,517.75,510.5,503.75,497.0,490.75,484.5,478.5,472.5,467.0,461.5,456.0,451.0,445.75,441.0,436.25,431.5,427.0,422.75,418.5,414.25,410.25,406.25,402.5,398.75,395.0,391.25,387.75,384.5,381.0,377.75,374.5,371.5,368.25,365.25,362.5,359.5,356.75,354.0,351.25,348.5,346.0,343.25,340.75,338.25,336.0,333.5,331.25,329.0,326.75,324.5,322.25,320.0,318.0,315.75,313.75,311.75,309.75,307.75,306.0,304.0,302.25,300.25,298.5,296.75,295.0,293.25,291.5,290.0,288.25,286.5,285.0,283.5,281.75,280.25,278.75,277.25,275.75,274.25,272.75,271.5,270.0,268.5,267.25,265.75,264.5,263.25,261.75
645.75,634.0,623.0,612.25,601.75,591.75,582.25,573.0,564.0,555.25,547.0,539.0,531.0,523.5,516.25,509.25,502.5,495.75,489.5,483.25,477.25,471.5,465.75,460.5,455.0,450.0,445.0,440.0,435.25,430.75,426.25,422.0,417.75,413.5,409.5,405.5,401.75,398.0,394.25,390.75,387.25,383.75,380.5,377.25,374.0,370.75,367.75,364.75,361.75,359.0,356.0,353.25,350.75,348.0,345.25,342.75,340.25,337.75,335.5,333.0,330.75,328.25,326.0,324.0,321.75,319.5,317.5,315.5,313.25,311.25,309.25,307.5,305.5,303.5,301.75,300.0,298.0,296.25,294.5,292.75,291.0,289.5,287.75,286.25,284.5,283.0,281.5,279.75,278.25,276.75,275.25,273.75,272.5,271.0,269.5,268.25,266.75,265.5,264.0,262.75,261.5
643.25,631.75,620.75,610.0,599.75,589.75,580.25,571.0,562.25,553.5,545.25,537.25,529.5,522.0,514.75,508.0,501.25,494.5,488.25,482.0,476.25,470.5,464.75,459.25,454.0,449.0,444.0,439.25,434.5,429.75,425.5,421.0,416.75,412.75,408.75,404.75,401.0,397.25,393.5,390.0,386.5,383.0,379.75,376.5,373.25,370.25,367.25,364.25,361.25,358.25,355.5,352.75,350.0,347.5,344.75,342.25,339.75,337.25,334.75,332.5,330.25,327.75,325.5,323.5,321.25,319.0,317.0,315.0,312.75,310.75,308.75,307.0,305.0,303.0,301.25,299.5,297.5,295.75,294.0,292.25,290.75,289.0,287.25,285.75,284.0,282.5,281.0,279.5,277.75,276.25,274.75,273.5,272.0,270.5,269.0,267.75,266.25,265.0,263.5,262.25,261.0
640.75,629.5,618.5,607.75,597.5,587.75,578.25,569.25,560.25,551.75,543.75,535.75,528.0,520.5,513.5,506.5,499.75,493.25,487.0,481.0,475.0,469.25,463.75,458.25,453.0,448.0,443.0,438.25,433.5,429.0,424.5,420.25,416.0,412.0,408.0,404.0,400.25,396.5,392.75,389.25,385.75,382.5,379.0,375.75,372.75,369.5,366.5,363.5,360.5,357.75,355.0,352.25,349.5,346.75,344.25,341.75,339.25,336.75,334.25,332.0,329.5,327.25,325.0,322.75,320.75,318.5,316.5,314.25,312.25,310.25,308.25,306.5,304.5,302.5,300.75,299.0,297.25,295.25,293.5,292.0,290.25,288.5,286.75,285.25,283.5,282.0,280.5,279.0,277.5,276.0,274.5,273.0,271.5,270.0,268.75,267.25,266.0,264.5,263.25,261.75,260.5
638.5,627.0,616.25,605.75,595.5,585.75,576.5,567.25,558.5,550.0,542.0,534.0,526.5,519.25,512.0,505.25,498.5,492.0,485.75,479.75,473.75,468.25,462.75,457.25,452.0,447.0,442.0,437.25,432.75,428.0,423.75,419.25,415.25,411.0,407.0,403.25,399.5,395.75,392.0,388.5,385.0,381.75,378.5,375.25,372.0,369.0,365.75,363.0,360.0,357.0,354.25,351.5,349.0,346.25,343.75,341.0,338.5,336.25,333.75,331.5,329.0,326.75,324.5,322.25,320.25,318.0,316.0,313.75,311.75,309.75,307.75,306.0,304.0,302.0,300.25,298.5,296.75,295.0,293.25,291.5,289.75,288.0,286.5,284.75,283.25,281.5,280.0,278.5,277.0,275.5,274.0,272.5,271.0,269.5,268.25,266.75,265.5,264.0,262.75,261.5,260.0
636.0,624.75,614.0,603.5,593.5,583.75,574.5,565.5,556.75,548.5,540.25,532.5,525.0,517.75,510.5,503.75,497.25,490.75,484.5,478.5,472.75,467.0,461.5,456.25,451.0,446.0,441.0,436.25,431.75,427.25,422.75,418.5,414.25,410.25,406.25,402.5,398.75,395.0,391.25,387.75,384.5,381.0,377.75,374.5,371.25,368.25,365.25,362.25,359.25,356.5,353.75,351.0,348.25,345.75,343.0,340.5,338.0,335.5,333.25,330.75,328.5,326.25,324.0,321.75,319.5,317.5,315.5,313.25,311.25,309.25,307.25,305.5,303.5,301.5,299.75,298.0,296.25,294.5,292.75,291.0,289.25,287.5,286.0,284.25,282.75,281.0,279.5,278.0,276.5,275.0,273.5,272.0,270.5,269.25,267.75,266.25,265.0,263.5,262.25,261.0,259.75
633.75,622.5,611.75,601.25,591.5,581.75,572.5,563.5,555.0,546.75,538.75,531.0,523.5,516.25,509.25,502.5,495.75,489.5,483.25,477.25,471.5,466.0,460.5,455.25,450.0,445.0,440.25,435.5,430.75,426.25,422.0,417.75,413.5,409.5,405.5,401.75,398.0,394.25,390.5,387.0,383.75,380.25,377.0,373.75,370.75,367.5,364.5,361.5,358.75,355.75,353.0,350.25,347.75,345.0,342.5,340.0,337.5,335.0,332.5,330.25,328.0,325.75,323.5,321.25,319.0,317.0,314.75,312.75,310.75,308.75,306.75,305.0,303.0,301.0,299.25,297.5,295.75,294.0,292.25,290.5,288.75,287.0,285.5,283.75,282.25,280.5,279.0,277.5,276.0,274.5,273.0,271.5,270.0,268.75,267.25,266.0,264.5,263.25,261.75,260.5,259.25
631.25,620.25,609.5,599.25,589.25,579.75,570.5,561.75,553.25,545.0,537.0,529.25,521.75,514.75,507.75,501.0,494.5,488.25,482.0,476.0,470.25,464.75,459.25,454.0,449.0,444.0,439.25,434.5,429.75,425.5,421.0,416.75,412.75,408.75,404.75,400.75,397.0,393.5,389.75,386.25,383.0,379.5,376.25,373.0,370.0,367.0,364.0,361.0,358.0,355.25,352.5,349.75,347.0,344.5,342.0,339.25,337.0,334.5,332.0,329.75,327.5,325.0,323.0,320.75,318.5,316.5,314.25,312.25,310.25,308.25,306.25,304.25,302.5,300.5,298.75,297.0,295.25,293.5,291.75,290.0,288.25,286.5,285.0,283.25,281.75,280.0,278.5,277.0,275.5,274.0,272.5,271.0,269.5,268.25,266.75,265.5,264.0,262.75,261.25,260.0,258.75
628.75,617.75,607.25,597.0,587.25,577.75,568.75,560.0,551.5,543.25,535.25,527.75,520.25,513.25,506.25,499.5,493.25,487.0,480.75,475.0,469.25,463.75,458.25,453.0,448.0,443.0,438.25,433.5,429.0,424.5,420.25,416.0,411.75,407.75,404.0,400.0,396.25,392.75,389.0,385.5,382.25,379.0,375.5,372.5,369.25,366.25,363.25,360.25,357.5,354.5,351.75,349.0,346.5,343.75,341.25,338.75,336.25,333.75,331.5,329.25,326.75,324.5,322.25,320.25,318.0,315.75,313.75,311.75,309.75,307.75,305.75,303.75,302.0,300.0,298.25,296.5,294.75,292.75,291.25,289.5,287.75,286.0,284.5,282.75,281.25,279.75,278.0,276.5,275.0,273.5,272.0,270.5,269.25,267.75,266.25,265.0,263.5,262.25,260.75,259.5,258.25
626.5,615.5,605.0,595.0,585.25,575.75,566.75,558.0,549.75,541.5,533.75,526.0,518.75,511.75,504.75,498.25,491.75,485.5,479.5,473.75,468.0,462.5,457.25,452.0,447.0,442.0,437.25,432.5,428.0,423.5,419.25,415.0,411.0,407.0,403.0,399.25,395.5,392.0,388.25,385.0,381.5,378.25,375.0,371.75,368.5,365.5,362.5,359.75,356.75,354.0,351.25,348.5,345.75,343.25,340.75,338.25,335.75,333.25,331.0,328.5,326.25,324.0,321.75,319.5,317.5,315.25,313.25,311.25,309.25,307.25,305.25,303.25,301.5,299.5,297.75,296.0,294.0,292.25,290.5,289.0,287.25,285.5,284.0,282.25,280.75,279.0,277.5,276.0,274.5,273.0,271.5,270.0,268.75,267.25,265.75,264.5,263.0,261.75,260.25,259.0,257.75
624.0,613.25,602.75,592.75,583.25,573.75,564.75,556.25,547.75,539.75,532.0,524.5,517.25,510.25,503.5,496.75,490.5,484.25,478.25,472.5,466.75,461.25,456.0,450.75,445.75,441.0,436.25,431.5,427.0,422.75,418.25,414.25,410.0,406.0,402.25,398.5,394.75,391.0,387.5,384.0,380.75,377.5,374.25,371.0,368.0,365.0,362.0,359.0,356.0,353.25,350.5,347.75,345.25,342.5,340.0,337.5,335.0,332.75,330.25,328.0,325.75,323.5,321.25,319.0,316.75,314.75,312.75,310.75,308.5,306.75,304.75,302.75,301.0,299.0,297.25,295.25,293.5,291.75,290.0,288.5,286.75,285.0,283.5,281.75,280.25,278.5,277.0,275.5,274.0,272.5,271.0,269.5,268.25,266.75,265.25,264.0,262.5,261.25,259.75,258.5,257.25
621.75,611.0,600.5,590.75,581.0,571.75,563.0,554.25,546.0,538.0,530.5,523.0,515.75,508.75,502.0,495.5,489.0,483.0,477.0,471.25,465.75,460.25,455.0,449.75,444.75,440.0,435.25,430.5,426.0,421.75,417.5,413.25,409.25,405.25,401.5,397.5,394.0,390.25,386.75,383.25,380.0,376.75,373.5,370.25,367.25,364.25,361.25,358.25,355.5,352.75,350.0,347.25,344.5,342.0,339.5,337.0,334.5,332.0,329.75,327.25,325.0,322.75,320.5,318.5,316.25,314.25,312.0,310.0,308.0,306.0,304.25,302.25,300.25,298.5,296.75,294.75,293.0,291.25,289.5,287.75,286.25,284.5,283.0,281.25,279.75,278.0,276.5,275.0,273.5,272.0,270.5,269.0,267.5,266.25,264.75,263.5,262.0,260.75,259.25,258.0,256.75
619.25,608.75,598.5,588.5,579.0,569.75,561.0,552.5,544.25,536.5,528.75,521.25,514.25,507.25,500.5,494.0,487.75,481.75,475.75,470.0,464.5,459.0,453.75,448.75,443.75,439.0,434.25,429.5,425.0,420.75,416.5,412.5,408.25,404.5,400.5,396.75,393.25,389.5,386.0,382.5,379.25,376.0,372.75,369.5,366.5,363.5,360.5,357.5,354.75,352.0,349.25,346.5,344.0,341.25,338.75,336.25,333.75,331.5,329.0,326.75,324.5,322.25,320.0,317.75,315.75,313.5,311.5,309.5,307.5,305.5,303.5,301.75,299.75,298.0,296.0,294.25,292.5,290.75,289.0,287.25,285.75,284.0,282.25,280.75,279.25,277.5,276.0,274.5,273.0,271.5,270.0,268.5,267.0,265.75,264.25,263.0,261.5,260.25,258.75,257.5,256.25
617.0,606.5,596.25,586.5,577.0,568.0,559.25,550.75,542.5,534.75,527.0,519.75,512.75,505.75,499.0,492.75,486.5,480.25,474.5,468.75,463.25,458.0,452.75,447.5,442.75,437.75,433.25,428.5,424.25,419.75,415.5,411.5,407.5,403.5,399.75,396.0,392.25,388.75,385.25,381.75,378.5,375.25,372.0,368.75,365.75,362.75,359.75,357.0,354.0,351.25,348.5,346.0,343.25,340.75,338.25,335.75,333.25,330.75,328.5,326.25,324.0,321.75,319.5,317.25,315.25,313.0,311.0,309.0,307.0,305.0,303.0,301.0,299.25,297.25,295.5,293.75,292.0,290.25,288.5,286.75,285.0,283.5,281.75,280.25,278.5,277.0,275.5,274.0,272.5,271.0,269.5,268.0,266.5,265.25,263.75,262.25,261.0,259.5,258.25,257.0,255.75
614.75,604.25,594.0,584.25,575.0,566.0,557.25,548.75,540.75,533.0,525.5,518.25,511.0,504.25,497.75,491.25,485.0,479.0,473.25,467.5,462.0,456.75,451.5,446.5,441.5,436.75,432.25,427.5,423.25,419.0,414.75,410.5,406.5,402.75,398.75,395.25,391.5,388.0,384.5,381.0,377.75,374.5,371.25,368.25,365.0,362.0,359.0,356.25,353.5,350.75,348.0,345.25,342.75,340.0,337.5,335.0,332.5,330.25,327.75,325.5,323.25,321.0,318.75,316.75,314.5,312.5,310.5,308.25,306.25,304.5,302.5,300.5,298.75,296.75,295.0,293.25,291.5,289.75,288.0,286.25,284.5,283.0,281.25,279.75,278.0,276.5,275.0,273.5,272.0,270.5,269.0,267.5,266.0,264.5,263.25,261.75,260.5,259.0,257.75,256.5,255.0
612.25,601.75,591.75,582.25,573.0,564.0,555.25,547.0,539.0,531.25,523.75,516.5,509.5,502.75,496.25,490.0,483.75,477.75,472.0,466.25,460.75,455.5,450.5,445.5,440.5,435.75,431.0,426.5,422.25,418.0,413.75,409.75,405.75,401.75,398.0,394.25,390.75,387.0,383.75,380.25,377.0,373.75,370.5,367.5,364.25,361.25,358.5,355.5,352.75,350.0,347.25,344.5,342.0,339.5,337.0,334.5,332.0,329.5,327.25,325.0,322.75,320.5,318.25,316.0,314.0,311.75,309.75,307.75,305.75,303.75,301.75,300.0,298.0,296.25,294.5,292.5,290.75,289.0,287.25,285.75,284.0,282.25,280.75,279.0,277.5,276.0,274.5,272.75,271.25,269.75,268.25,267.0,265.5,264.0,262.75,261.25,260.0,258.5,257.25,255.75,254.5
610.0,599.5,589.75,580.0,571.0,562.0,553.5,545.25,537.25,529.5,522.25,515.0,508.0,501.25,494.75,488.5,482.25,476.5,470.75,465.0,459.75,454.5,449.25,444.25,439.5,434.75,430.0,425.5,421.25,417.0,412.75,408.75,404.75,401.0,397.25,393.5,389.75,386.25,382.75,379.5,376.25,373.0,369.75,366.75,363.5,360.5,357.75,354.75,352.0,349.25,346.5,344.0,341.25,338.75,336.25,333.75,331.25,329.0,326.5,324.25,322.0,319.75,317.5,315.5,313.25,311.25,309.25,307.25,305.25,303.25,301.25,299.5,297.5,295.75,293.75,292.0,290.25,288.5,286.75,285.0,283.5,281.75,280.25,278.5,277.0,275.25,273.75,272.25,270.75,269.25,267.75,266.25,265.0,263.5,262.0,260.75,259.25,258.0,256.75,255.25,254.0
607.5,597.25,587.5,578.0,568.75,560.0,551.5,543.5,535.5,527.75,520.5,513.5,506.5,499.75,493.25,487.0,481.0,475.25,469.5,463.75,458.5,453.25,448.0,443.25,438.25,433.75,429.0,424.5,420.25,416.0,411.75,407.75,404.0,400.0,396.25,392.5,389.0,385.5,382.0,378.75,375.25,372.25,369.0,366.0,362.75,360.0,357.0,354.0,351.25,348.5,345.75,343.25,340.5,338.0,335.5,333.0,330.75,328.25,326.0,323.75,321.5,319.25,317.0,314.75,312.75,310.75,308.5,306.5,304.5,302.5,300.75,298.75,297.0,295.0,293.25,291.5,289.75,288.0,286.25,284.5,282.75,281.25,279.5,278.0,276.25,274.75,273.25,271.75,270.25,268.75,267.25,265.75,264.25,263.0,261.5,260.25,258.75,257.5,256.0,254.75,253.5
605.25,595.0,585.25,576.0,566.75,558.0,549.75,541.5,533.75,526.25,518.75,511.75,505.0,498.25,492.0,485.75,479.75,473.75,468.25,462.5,457.25,452.0,447.0,442.0,437.25,432.5,428.0,423.5,419.25,415.0,411.0,407.0,403.0,399.25,395.5,391.75,388.25,384.75,381.25,377.75,374.5,371.25,368.25,365.25,362.0,359.25,356.25,353.5,350.5,347.75,345.25,342.5,340.0,337.5,335.0,332.5,330.0,327.75,325.25,323.0,320.75,318.5,316.25,314.25,312.0,310.0,308.0,306.0,304.0,302.0,300.0,298.25,296.25,294.5,292.75,290.75,289.0,287.25,285.75,284.0,282.25,280.5,279.0,277.5,275.75,274.25,272.75,271.25,269.75,268.25,266.75,265.25,263.75,262.25,261.0,259.5,258.25,256.75,255.5,254.25,252.75
603.0,592.75,583.25,573.75,564.75,556.25,547.75,539.75,532.0,524.5,517.25,510.25,503.5,496.75,490.5,484.25,478.25,472.5,466.75,461.5,456.0,450.75,445.75,441.0,436.25,431.5,427.0,422.5,418.25,414.0,410.0,406.0,402.0,398.25,394.5,390.75,387.25,383.75,380.5,377.0,373.75,370.5,367.5,364.25,361.25,358.5,355.5,352.75,350.0,347.25,344.5,341.75,339.25,336.75,334.25,331.75,329.25,327.0,324.75,322.25,320.0,318.0,315.75,313.5,311.5,309.5,307.25,305.25,303.25,301.5,299.5,297.5,295.75,293.75,292.0,290.25,288.5,286.75,285.0,283.25,281.75,280.0,278.5,276.75,275.25,273.75,272.0,270.5,269.0,267.5,266.0,264.75,263.25,261.75,260.25,259.0,257.5,256.25,255.0,253.5,252.25
600.75,590.5,581.0,571.75,562.75,554.25,546.0,538.0,530.25,522.75,515.5,508.75,502.0,495.25,489.0,483.0,477.0,471.25,465.5,460.25,454.75,449.75,444.75,439.75,435.0,430.5,426.0,421.5,417.25,413.0,409.0,405.0,401.0,397.25,393.5,390.0,386.5,383.0,379.5,376.25,373.0,369.75,366.75,363.5,360.5,357.75,354.75,352.0,349.25,346.5,343.75,341.0,338.5,336.0,333.5,331.0,328.75,326.25,324.0,321.75,319.5,317.25,315.0,313.0,310.75,308.75,306.75,304.75,302.75,300.75,298.75,297.0,295.0,293.25,291.5,289.75,288.0,286.25,284.5,282.75,281.0,279.5,277.75,276.25,274.5,273.0,271.5,270.0,268.5,267.0,265.5,264.0,262.5,261.25,259.75,258.5,257.0,255.75,254.25,253.0,251.75
598.25,588.5,578.75,569.75,560.75,552.25,544.0,536.25,528.5,521.25,514.0,507.0,500.25,494.0,487.5,481.5,475.5,469.75,464.25,459.0,453.5,448.5,443.5,438.75,434.0,429.25,425.0,420.5,416.25,412.0,408.0,404.0,400.25,396.5,392.75,389.0,385.5,382.0,378.75,375.5,372.25,369.0,365.75,362.75,359.75,356.75,354.0,351.25,348.5,345.75,343.0,340.5,337.75,335.25,332.75,330.5,328.0,325.75,323.25,321.0,318.75,316.5,314.5,312.25,310.25,308.0,306.0,304.0,302.0,300.25,298.25,296.25,294.5,292.75,290.75,289.0,287.25,285.5,283.75,282.0,280.5,278.75,277.25,275.5,274.0,272.5,271.0,269.25,267.75,266.25,265.0,263.5,262.0,260.5,259.25,257.75,256.5,255.0,253.75,252.25,251.0
596.0,586.25,576.75,567.5,558.75,550.5,542.25,534.5,526.75,519.5,512.25,505.5,498.75,492.5,486.25,480.0,474.25,468.5,463.0,457.75,452.5,447.25,442.25,437.5,432.75,428.25,423.75,419.5,415.25,411.0,407.0,403.0,399.25,395.5,391.75,388.25,384.75,381.25,377.75,374.5,371.25,368.25,365.0,362.0,359.0,356.0,353.25,350.5,347.75,345.0,342.25,339.75,337.0,334.5,332.0,329.75,327.25,325.0,322.75,320.25,318.0,316.0,313.75,311.5,309.5,307.5,305.5,303.5,301.5,299.5,297.5,295.75,293.75,292.0,290.25,288.5,286.75,285.0,283.25,281.5,279.75,278.25,276.5,275.0,273.25,271.75,270.25,268.75,267.25,265.75,264.25,262.75,261.25,260.0,258.5,257.25,255.75,254.5,253.0,251.75,250.5
593.75,584.0,574.5,565.5,556.75,548.5,540.5,532.5,525.0,517.75,510.75,504.0,497.25,491.0,484.75,478.75,473.0,467.25,461.75,456.5,451.25,446.25,441.25,436.5,431.75,427.25,422.75,418.5,414.25,410.0,406.0,402.25,398.25,394.5,391.0,387.25,383.75,380.25,377.0,373.75,370.5,367.25,364.25,361.25,358.25,355.25,352.5,349.75,347.0,344.25,341.5,339.0,336.5,333.75,331.5,329.0,326.5,324.25,322.0,319.75,317.5,315.25,313.0,311.0,308.75,306.75,304.75,302.75,300.75,298.75,297.0,295.0,293.25,291.25,289.5,287.75,286.0,284.25,282.5,280.75,279.25,277.5,276.0,274.25,272.75,271.25,269.5,268.0,266.5,265.0,263.75,262.25,260.75,259.25,258.0,256.5,255.25,253.75,252.5,251.0,249.75
591.5,581.75,572.5,563.5,555.0,546.5,538.5,530.75,523.25,516.0,509.0,502.25,495.75,489.5,483.25,477.25,471.5,466.0,460.5,455.25,450.0,445.0,440.0,435.25,430.75,426.0,421.75,417.5,413.25,409.0,405.0,401.25,397.25,393.5,390.0,386.5,383.0,379.5,376.25,372.75,369.75,366.5,363.5,360.5,357.5,354.5,351.75,349.0,346.25,343.5,340.75,338.25,335.75,333.25,330.75,328.25,325.75,323.5,321.25,319.0,316.75,314.5,312.5,310.25,308.25,306.0,304.0,302.0,300.0,298.25,296.25,294.25,292.5,290.75,289.0,287.0,285.25,283.5,282.0,280.25,278.5,277.0,275.25,273.75,272.0,270.5,269.0,267.5,266.0,264.5,263.0,261.5,260.0,258.75,257.25,256.0,254.5,253.25,251.75,250.5,249.25
589.25,579.5,570.25,561.5,553.0,544.75,536.75,529.0,521.5,514.5,507.5,500.75,494.25,488.0,481.75,476.0,470.25,464.5,459.25,454.0,448.75,443.75,438.75,434.25,429.5,425.0,420.5,416.25,412.25,408.0,404.0,400.25,396.5,392.75,389.0,385.5,382.0,378.5,375.25,372.0,368.75,365.75,362.5,359.5,356.5,353.75,351.0,348.0,345.25,342.75,340.0,337.5,335.0,332.5,330.0,327.5,325.25,322.75,320.5,318.25,316.0,313.75,311.75,309.5,307.5,305.5,303.5,301.5,299.5,297.5,295.5,293.75,291.75,290.0,288.25,286.5,284.75,283.0,281.25,279.5,278.0,276.25,274.5,273.0,271.5,269.75,268.25,266.75,265.25,263.75,262.25,261.0,259.5,258.0,256.5,255.25,253.75,252.5,251.25,249.75,248.5
587.0,577.5,568.25,559.5,551.0,542.75,535.0,527.25,520.0,512.75,506.0,499.25,492.75,486.5,480.5,474.5,468.75,463.25,457.75,452.5,447.5,442.5,437.75,433.0,428.5,424.0,419.5,415.25,411.0,407.0,403.0,399.25,395.5,391.75,388.0,384.5,381.0,377.75,374.5,371.25,368.0,364.75,361.75,358.75,355.75,353.0,350.0,347.25,344.5,342.0,339.25,336.75,334.25,331.75,329.25,326.75,324.5,322.0,319.75,317.5,315.25,313.0,311.0,308.75,306.75,304.75,302.75,300.75,298.75,296.75,295.0,293.0,291.25,289.25,287.5,285.75,284.0,282.25,280.5,278.75,277.25,275.5,274.0,272.25,270.75,269.25,267.75,266.25,264.5,263.25,261.75,260.25,258.75,257.25,256.0,254.5,253.25,251.75,250.5,249.25,247.75
584.75,575.25,566.25,557.5,549.0,541.0,533.0,525.5,518.25,511.25,504.25,497.75,491.25,485.0,479.0,473.25,467.5,462.0,456.5,451.25,446.25,441.25,436.5,431.75,427.25,422.75,418.5,414.25,410.0,406.0,402.0,398.25,394.5,390.75,387.25,383.75,380.25,376.75,373.5,370.25,367.0,364.0,361.0,358.0,355.0,352.0,349.25,346.5,343.75,341.0,338.5,336.0,333.25,331.0,328.5,326.0,323.75,321.25,319.0,316.75,314.5,312.5,310.25,308.25,306.0,304.0,302.0,300.0,298.0,296.0,294.25,292.25,290.5,288.75,286.75,285.0,283.25,281.5,279.75,278.25,276.5,275.0,273.25,271.75,270.0,268.5,267.0,265.5,264.0,262.5,261.0,259.5,258.0,256.75,255.25,253.75,252.5,251.25,249.75,248.5,247.25
582.5,573.25,564.25,555.5,547.0,539.0,531.25,523.75,516.5,509.5,502.75,496.0,489.75,483.5,477.5,471.75,466.0,460.5,455.25,450.0,445.0,440.25,435.25,430.75,426.25,421.75,417.25,413.25,409.0,405.0,401.0,397.25,393.5,389.75,386.25,382.75,379.25,376.0,372.5,369.25,366.25,363.0,360.0,357.0,354.25,351.25,348.5,345.75,343.0,340.25,337.75,335.0,332.5,330.0,327.75,325.25,323.0,320.5,318.25,316.0,313.75,311.75,309.5,307.5,305.25,303.25,301.25,299.25,297.25,295.5,293.5,291.5,289.75,288.0,286.0,284.25,282.5,280.75,279.25,277.5,275.75,274.25,272.5,271.0,269.25,267.75,266.25,264.75,263.25,261.75,260.25,258.75,257.5,256.0,254.5,253.25,251.75,250.5,249.0,247.75,246.5
580.25,571.0,562.0,553.5,545.25,537.25,529.5,522.0,514.75,507.75,501.0,494.5,488.25,482.0,476.25,470.25,464.75,459.25,454.0,448.75,443.75,439.0,434.25,429.5,425.0,420.5,416.25,412.0,408.0,404.0,400.0,396.25,392.5,388.75,385.25,381.75,378.25,375.0,371.75,368.5,365.25,362.25,359.25,356.25,353.25,350.5,347.5,344.75,342.25,339.5,337.0,334.25,331.75,329.25,326.75,324.5,322.0,319.75,317.5,315.25,313.0,311.0,308.75,306.75,304.5,302.5,300.5,298.5,296.5,294.75,292.75,290.75,289.0,287.25,285.5,283.5,281.75,280.25,278.5,276.75,275.0,273.5,271.75,270.25,268.75,267.0,265.5,264.0,262.5,261.0,259.5,258.0,256.75,255.25,253.75,252.5,251.0,249.75,248.25,247.0,245.75
578.0,569.0,560.0,551.5,543.25,535.25,527.75,520.25,513.25,506.25,499.5,493.0,486.75,480.75,474.75,469.0,463.5,458.0,452.75,447.5,442.5,437.75,433.0,428.25,423.75,419.5,415.25,411.0,407.0,403.0,399.0,395.25,391.5,387.75,384.25,380.75,377.5,374.0,370.75,367.5,364.5,361.25,358.25,355.25,352.5,349.5,346.75,344.0,341.25,338.75,336.0,333.5,331.0,328.5,326.0,323.75,321.25,319.0,316.75,314.5,312.25,310.25,308.0,306.0,303.75,301.75,299.75,297.75,295.75,294.0,292.0,290.0,288.25,286.5,284.75,282.75,281.0,279.5,277.75,276.0,274.25,272.75,271.0,269.5,268.0,266.25,264.75,263.25,261.75,260.25,258.75,257.25,256.0,254.5,253.0,251.75,250.25,249.0,247.5,246.25,245.0
576.0,566.75,558.0,549.5,541.25,533.5,526.0,518.5,511.5,504.5,498.0,491.5,485.25,479.25,473.25,467.5,462.0,456.75,451.5,446.25,441.25,436.5,431.75,427.25,422.75,418.25,414.0,410.0,405.75,402.0,398.0,394.25,390.5,386.75,383.25,379.75,376.5,373.0,369.75,366.75,363.5,360.5,357.5,354.5,351.5,348.75,346.0,343.25,340.5,337.75,335.25,332.75,330.25,327.75,325.25,323.0,320.5,318.25,316.0,313.75,311.5,309.25,307.25,305.0,303.0,301.0,299.0,297.0,295.0,293.0,291.25,289.25,287.5,285.75,284.0,282.0,280.25,278.75,277.0,275.25,273.5,272.0,270.25,268.75,267.25,265.5,264.0,262.5,261.0,259.5,258.0,256.5,255.25,253.75,252.25,251.0,249.5,248.25,246.75,245.5,244.25
573.75,564.75,556.0,547.5,539.5,531.75,524.25,516.75,509.75,503.0,496.25,490.0,483.75,477.75,472.0,466.25,460.75,455.25,450.0,445.0,440.0,435.25,430.5,426.0,421.5,417.25,413.0,408.75,404.75,400.75,397.0,393.25,389.5,385.75,382.25,378.75,375.5,372.25,369.0,365.75,362.5,359.5,356.5,353.5,350.75,347.75,345.0,342.25,339.5,337.0,334.5,331.75,329.25,326.75,324.5,322.0,319.75,317.5,315.25,313.0,310.75,308.5,306.5,304.25,302.25,300.25,298.25,296.25,294.25,292.25,290.5,288.5,286.75,285.0,283.0,281.25,279.5,277.75,276.25,274.5,272.75,271.25,269.5,268.0,266.25,264.75,263.25,261.75,260.25,258.75,257.25,255.75,254.25,253.0,251.5,250.25,248.75,247.5,246.0,244.75,243.5
571.75,562.75,554.0,545.75,537.75,530.0,522.5,515.25,508.25,501.5,494.75,488.5,482.25,476.25,470.5,464.75,459.25,454.0,448.75,443.75,439.0,434.0,429.5,425.0,420.5,416.0,412.0,407.75,403.75,399.75,396.0,392.25,388.5,385.0,381.25,378.0,374.5,371.25,368.0,364.75,361.75,358.5,355.5,352.75,349.75,347.0,344.25,341.5,338.75,336.0,333.5,331.0,328.5,326.0,323.5,321.25,318.75,316.5,314.25,312.0,309.75,307.75,305.5,303.5,301.5,299.5,297.25,295.5,293.5,291.5,289.5,287.75,286.0,284.0,282.25,280.5,278.75,277.0,275.25,273.75,272.0,270.25,268.75,267.25,265.5,264.0,262.5,261.0,259.5,258.0,256.5,255.0,253.5,252.25,250.75,249.25,248.0,246.5,245.25,244.0,242.5
569.5,560.75,552.0,543.75,535.75,528.25,520.75,513.5,506.5,499.75,493.25,487.0,480.75,475.0,469.0,463.5,458.0,452.75,447.5,442.5,437.75,433.0,428.25,423.75,419.25,415.0,410.75,406.75,402.75,398.75,395.0,391.0,387.5,383.75,380.25,377.0,373.5,370.25,367.0,363.75,360.75,357.75,354.75,351.75,348.75,346.0,343.25,340.5,337.75,335.25,332.75,330.0,327.5,325.25,322.75,320.25,318.0,315.75,313.5,311.25,309.0,306.75,304.75,302.75,300.5,298.5,296.5,294.5,292.5,290.75,288.75,287.0,285.0,283.25,281.5,279.75,278.0,276.25,274.5,272.75,271.25,269.5,268.0,266.25,264.75,263.25,261.75,260.0,258.5,257.0,255.75,254.25,252.75,251.25,250.0,248.5,247.25,245.75,244.5,243.0,241.75
567.5,558.75,550.25,542.0,534.0,526.5,519.0,511.75,505.0,498.25,491.75,485.5,479.5,473.5,467.75,462.25,456.75,451.5,446.25,441.25,436.5,431.75,427.0,422.5,418.25,413.75,409.75,405.5,401.5,397.75,393.75,390.0,386.5,382.75,379.25,376.0,372.5,369.25,366.0,362.75,359.75,356.75,353.75,350.75,348.0,345.0,342.25,339.5,337.0,334.25,331.75,329.25,326.75,324.25,321.75,319.5,317.25,314.75,312.5,310.25,308.25,306.0,304.0,301.75,299.75,297.75,295.75,293.75,291.75,289.75,288.0,286.0,284.25,282.5,280.75,278.75,277.0,275.5,273.75,272.0,270.25,268.75,267.0,265.5,264.0,262.25,260.75,259.25,257.75,256.25,254.75,253.25,252.0,250.5,249.0,247.75,246.25,245.0,243.5,242.25,241.0
565.5,556.75,548.25,540.25,532.25,524.75,517.25,510.25,503.25,496.75,490.25,484.0,478.0,472.0,466.25,460.75,455.25,450.0,445.0,440.0,435.25,430.5,425.75,421.25,417.0,412.75,408.5,404.5,400.5,396.5,392.75,389.0,385.25,381.75,378.25,374.75,371.5,368.25,365.0,361.75,358.75,355.75,352.75,349.75,347.0,344.25,341.5,338.75,336.0,333.5,330.75,328.25,325.75,323.25,321.0,318.5,316.25,314.0,311.75,309.5,307.25,305.0,303.0,301.0,298.75,296.75,294.75,292.75,291.0,289.0,287.0,285.25,283.5,281.5,279.75,278.0,276.25,274.5,272.75,271.25,269.5,267.75,266.25,264.75,263.0,261.5,260.0,258.5,257.0,255.5,254.0,252.5,251.0,249.75,248.25,246.75,245.5,244.25,242.75,241.5,240.25
563.5,554.75,546.5,538.25,530.5,523.0,515.5,508.5,501.75,495.0,488.75,482.5,476.5,470.5,465.0,459.25,454.0,448.75,443.75,438.75,434.0,429.25,424.5,420.0,415.75,411.5,407.25,403.25,399.25,395.5,391.5,388.0,384.25,380.75,377.25,373.75,370.5,367.25,364.0,360.75,357.75,354.75,351.75,348.75,346.0,343.25,340.5,337.75,335.0,332.5,329.75,327.25,324.75,322.5,320.0,317.75,315.25,313.0,310.75,308.5,306.5,304.25,302.0,300.0,298.0,296.0,294.0,292.0,290.0,288.0,286.25,284.25,282.5,280.75,279.0,277.25,275.5,273.75,272.0,270.25,268.75,267.0,265.5,263.75,262.25,260.75,259.0,257.5,256.0,254.5,253.25,251.75,250.25,248.75,247.5,246.0,244.75,243.25,242.0,240.5,239.25
561.5,552.75,544.5,536.5,528.75,521.25,514.0,507.0,500.0,493.5,487.25,481.0,475.0,469.25,463.5,458.0,452.5,447.5,442.25,437.5,432.5,428.0,423.25,419.0,414.5,410.25,406.25,402.0,398.25,394.25,390.5,386.75,383.25,379.5,376.25,372.75,369.5,366.25,363.0,359.75,356.75,353.75,350.75,347.75,345.0,342.25,339.5,336.75,334.0,331.5,329.0,326.5,324.0,321.5,319.0,316.75,314.5,312.0,309.75,307.75,305.5,303.25,301.25,299.0,297.0,295.0,293.0,291.0,289.0,287.25,285.25,283.5,281.5,279.75,278.0,276.25,274.5,272.75,271.0,269.5,267.75,266.25,264.5,263.0,261.25,259.75,258.25,256.75,255.25,253.75,252.25,250.75,249.5,248.0,246.5,245.25,243.75,242.5,241.0,239.75,238.5
559.5,551.0,542.5,534.5,526.75,519.5,512.25,505.25,498.5,492.0,485.5,479.5,473.5,467.75,462.0,456.5,451.25,446.0,441.0,436.0,431.25,426.5,422.0,417.75,413.25,409.0,405.0,401.0,397.0,393.0,389.25,385.75,382.0,378.5,375.0,371.75,368.25,365.0,362.0,358.75,355.75,352.75,349.75,346.75,344.0,341.25,338.5,335.75,333.0,330.5,328.0,325.5,323.0,320.5,318.0,315.75,313.5,311.25,309.0,306.75,304.5,302.25,300.25,298.25,296.25,294.0,292.0,290.25,288.25,286.25,284.5,282.5,280.75,279.0,277.0,275.25,273.5,272.0,270.25,268.5,267.0,265.25,263.75,262.0,260.5,259.0,257.5,255.75,254.25,253.0,251.5,250.0,248.5,247.0,245.75,244.25,243.0,241.5,240.25,239.0,237.5
557.5,549.0,540.75,532.75,525.0,517.75,510.5,503.5,496.75,490.25,484.0,477.75,472.0,466.25,460.5,455.0,449.75,444.75,439.5,434.75,430.0,425.25,420.75,416.25,412.0,407.75,403.75,399.75,395.75,392.0,388.25,384.5,381.0,377.25,374.0,370.5,367.25,364.0,360.75,357.75,354.5,351.5,348.75,345.75,343.0,340.25,337.5,334.75,332.0,329.5,327.0,324.5,322.0,319.5,317.0,314.75,312.5,310.25,308.0,305.75,303.5,301.5,299.25,297.25,295.25,293.25,291.25,289.25,287.25,285.25,283.5,281.75,279.75,278.0,276.25,274.5,272.75,271.0,269.25,267.75,266.0,264.25,262.75,261.25,259.5,258.0,256.5,255.0,253.5,252.0,250.5,249.0,247.75,246.25,244.75,243.5,242.0,240.75,239.5,238.0,236.75
555.5,547.0,538.75,531.0,523.25,515.75,508.75,501.75,495.25,488.75,482.5,476.25,470.5,464.75,459.0,453.75,448.5,443.25,438.25,433.25,428.5,424.0,419.5,415.0,410.75,406.5,402.5,398.5,394.5,390.75,387.0,383.25,379.75,376.25,372.75,369.5,366.0,362.75,359.75,356.5,353.5,350.5,347.5,344.75,341.75,339.0,336.25,333.75,331.0,328.5,326.0,323.5,321.0,318.5,316.0,313.75,311.5,309.25,307.0,304.75,302.5,300.5,298.25,296.25,294.25,292.25,290.25,288.25,286.25,284.5,282.5,280.75,278.75,277.0,275.25,273.5,271.75,270.0,268.5,266.75,265.0,263.5,261.75,260.25,258.75,257.0,255.5,254.0,252.5,251.0,249.75,248.25,246.75,245.25,244.0,242.5,241.25,239.75,238.5,237.25,236.0
553.5,545.0,536.75,529.0,521.5,514.0,507.0,500.25,493.5,487.0,480.75,474.75,468.75,463.25,457.5,452.25,447.0,441.75,436.75,432.0,427.25,422.75,418.25,413.75,409.5,405.25,401.25,397.25,393.25,389.5,385.75,382.0,378.5,375.0,371.5,368.25,365.0,361.75,358.5,355.5,352.5,349.5,346.5,343.5,340.75,338.0,335.25,332.5,330.0,327.5,324.75,322.25,320.0,317.5,315.0,312.75,310.5,308.25,306.0,303.75,301.5,299.5,297.25,295.25,293.25,291.25,289.25,287.25,285.25,283.5,281.5,279.75,278.0,276.0,274.25,272.5,270.75,269.0,267.5,265.75,264.0,262.5,261.0,259.25,257.75,256.25,254.75,253.25,251.75,250.25,248.75,247.25,245.75,244.5,243.0,241.75,240.25,239.0,237.75,236.25,235.0
551.5,543.0,535.0,527.25,519.5,512.25,505.25,498.5,491.75,485.5,479.25,473.25,467.25,461.5,456.0,450.75,445.5,440.25,435.5,430.5,425.75,421.25,416.75,412.5,408.25,404.0,400.0,396.0,392.0,388.25,384.5,380.75,377.25,373.75,370.5,367.0,363.75,360.5,357.5,354.25,351.25,348.25,345.25,342.5,339.75,337.0,334.25,331.5,329.0,326.25,323.75,321.25,318.75,316.5,314.0,311.75,309.5,307.25,305.0,302.75,300.5,298.5,296.25,294.25,292.25,290.25,288.25,286.25,284.25,282.5,280.5,278.75,277.0,275.0,273.25,271.5,269.75,268.25,266.5,264.75,263.25,261.5,260.0,258.25,256.75,255.25,253.75,252.25,250.75,249.25,247.75,246.25,245.0,243.5,242.25,240.75,239.5,238.0,236.75,235.5,234.25
549.5,541.0,533.0,525.25,517.75,510.5,503.5,496.75,490.0,483.75,477.5,471.5,465.75,460.0,454.5,449.25,444.0,439.0,434.0,429.25,424.5,419.75,415.5,411.0,406.75,402.75,398.5,394.5,390.75,387.0,383.25,379.5,376.0,372.5,369.25,365.75,362.5,359.25,356.25,353.0,350.0,347.0,344.25,341.25,338.5,335.75,333.0,330.5,327.75,325.25,322.75,320.25,317.75,315.25,313.0,310.75,308.25,306.0,303.75,301.75,299.5,297.5,295.25,293.25,291.25,289.25,287.25,285.25,283.25,281.5,279.5,277.75,276.0,274.25,272.25,270.5,269.0,267.25,265.5,263.75,262.25,260.5,259.0,257.5,255.75,254.25,252.75,251.25,249.75,248.25,247.0,245.5,244.0,242.75,241.25,239.75,238.5,237.25,235.75,234.5,233.25
547.5,539.0,531.0,523.25,516.0,508.75,501.75,495.0,488.25,482.0,475.75,469.75,464.0,458.5,453.0,447.5,442.5,437.25,432.5,427.75,423.0,418.5,414.0,409.75,405.5,401.25,397.25,393.25,389.5,385.5,382.0,378.25,374.75,371.25,368.0,364.5,361.25,358.0,355.0,352.0,349.0,346.0,343.0,340.25,337.25,334.5,332.0,329.25,326.75,324.0,321.5,319.0,316.5,314.25,311.75,309.5,307.25,305.0,302.75,300.5,298.5,296.25,294.25,292.25,290.25,288.25,286.25,284.25,282.25,280.5,278.5,276.75,275.0,273.0,271.25,269.5,268.0,266.25,264.5,262.75,261.25,259.5,258.0,256.5,255.0,253.25,251.75,250.25,248.75,247.5,246.0,244.5,243.0,241.75,240.25,239.0,237.5,236.25,235.0,233.75,232.25
545.25,537.0,529.25,521.5,514.0,506.75,499.75,493.25,486.5,480.25,474.25,468.25,462.5,456.75,451.25,446.0,440.75,435.75,431.0,426.25,421.5,417.0,412.5,408.25,404.0,399.75,395.75,392.0,388.0,384.25,380.5,377.0,373.5,370.0,366.5,363.25,360.0,356.75,353.75,350.75,347.75,344.75,341.75,339.0,336.25,333.5,330.75,328.0,325.5,323.0,320.5,318.0,315.5,313.0,310.75,308.5,306.25,304.0,301.75,299.5,297.25,295.25,293.25,291.0,289.0,287.0,285.0,283.25,281.25,279.25,277.5,275.75,273.75,272.0,270.25,268.5,266.75,265.25,263.5,261.75,260.25,258.5,257.0,255.5,254.0,252.25,250.75,249.25,248.0,246.5,245.0,243.5,242.25,240.75,239.5,238.0,236.75,235.25,234.0,232.75,231.5
543.25,535.0,527.25,519.5,512.0,505.0,498.0,491.25,484.75,478.5,472.5,466.5,460.75,455.25,449.75,444.5,439.25,434.25,429.5,424.75,420.0,415.5,411.0,406.75,402.5,398.5,394.5,390.5,386.75,383.0,379.25,375.75,372.25,368.75,365.25,362.0,358.75,355.5,352.5,349.5,346.5,343.5,340.5,337.75,335.0,332.25,329.5,327.0,324.25,321.75,319.25,316.75,314.25,312.0,309.5,307.25,305.0,302.75,300.5,298.25,296.25,294.0,292.0,290.0,288.0,286.0,284.0,282.0,280.25,278.25,276.5,274.5,272.75,271.0,269.25,267.5,265.75,264.25,262.5,260.75,259.25,257.5,256.0,254.5,253.0,251.5,250.0,248.5,247.0,245.5,244.0,242.5,241.25,239.75,238.5,237.0,235.75,234.5,233.25,231.75,230.5
541.25,533.0,525.25,517.5,510.25,503.0,496.25,489.5,483.0,476.75,470.75,464.75,459.0,453.5,448.0,442.75,437.75,432.75,427.75,423.0,418.5,414.0,409.5,405.25,401.0,397.0,393.0,389.0,385.25,381.5,378.0,374.25,370.75,367.25,364.0,360.75,357.5,354.25,351.25,348.25,345.25,342.25,339.25,336.5,333.75,331.0,328.25,325.75,323.0,320.5,318.0,315.5,313.25,310.75,308.5,306.0,303.75,301.5,299.5,297.25,295.0,293.0,291.0,288.75,286.75,285.0,283.0,281.0,279.0,277.25,275.25,273.5,271.75,270.0,268.25,266.5,264.75,263.0,261.5,259.75,258.25,256.5,255.0,253.5,252.0,250.5,249.0,247.5,246.0,244.5,243.0,241.75,240.25,238.75,237.5,236.25,234.75,233.5,232.25,231.0,229.75
539.25,531.0,523.25,515.5,508.25,501.25,494.25,487.75,481.25,475.0,469.0,463.0,457.25,451.75,446.5,441.25,436.0,431.0,426.25,421.5,417.0,412.5,408.0,403.75,399.75,395.5,391.5,387.75,383.75,380.25,376.5,373.0,369.5,366.0,362.75,359.25,356.0,353.0,349.75,346.75,343.75,341.0,338.0,335.25,332.5,329.75,327.0,324.5,321.75,319.25,316.75,314.25,312.0,309.5,307.25,305.0,302.75,300.5,298.25,296.0,294.0,291.75,289.75,287.75,285.75,283.75,281.75,279.75,278.0,276.0,274.25,272.5,270.75,269.0,267.25,265.5,263.75,262.0,260.5,258.75,257.25,255.5,254.0,252.5,251.0,249.25,248.0,246.5,245.0,243.5,242.0,240.75,239.25,238.0,236.5,235.25,234.0,232.5,231.25,230.0,228.75
537.0,529.0,521.0,513.5,506.25,499.25,492.5,485.75,479.5,473.25,467.25,461.25,455.75,450.0,444.75,439.5,434.5,429.5,424.75,420.0,415.25,411.0,406.5,402.25,398.0,394.0,390.0,386.25,382.5,378.75,375.0,371.5,368.0,364.5,361.25,358.0,354.75,351.5,348.5,345.5,342.5,339.5,336.75,334.0,331.25,328.5,325.75,323.25,320.5,318.0,315.5,313.0,310.75,308.25,306.0,303.75,301.5,299.25,297.0,295.0,292.75,290.75,288.5,286.5,284.5,282.5,280.75,278.75,276.75,275.0,273.25,271.25,269.5,267.75,266.0,264.25,262.75,261.0,259.25,257.75,256.0,254.5,253.0,251.5,249.75,248.25,246.75,245.5,244.0,242.5,241.0,239.75,238.25,237.0,235.5,234.25,233.0,231.75,230.25,229.0,227.75
535.0,527.0,519.0,511.5,504.25,497.25,490.5,484.0,477.5,471.25,465.25,459.5,453.75,448.25,443.0,437.75,432.75,427.75,423.0,418.25,413.75,409.25,405.0,400.75,396.5,392.5,388.5,384.75,381.0,377.25,373.5,370.0,366.5,363.25,359.75,356.5,353.25,350.25,347.25,344.0,341.25,338.25,335.5,332.5,329.75,327.25,324.5,321.75,319.25,316.75,314.25,311.75,309.5,307.0,304.75,302.5,300.25,298.0,295.75,293.75,291.5,289.5,287.5,285.5,283.5,281.5,279.5,277.5,275.75,273.75,272.0,270.25,268.5,266.75,265.0,263.25,261.5,260.0,258.25,256.5,255.0,253.5,252.0,250.25,248.75,247.25,245.75,244.5,243.0,241.5,240.0,238.75,237.25,236.0,234.75,233.25,232.0,230.75,229.5,228.25,227.0
532.75,524.75,517.0,509.5,502.25,495.25,488.5,482.0,475.75,469.5,463.5,457.75,452.0,446.5,441.25,436.0,431.0,426.25,421.25,416.75,412.25,407.75,403.25,399.25,395.0,391.0,387.0,383.25,379.5,375.75,372.0,368.5,365.0,361.75,358.5,355.0,352.0,348.75,345.75,342.75,339.75,336.75,334.0,331.25,328.5,325.75,323.25,320.5,318.0,315.5,313.0,310.5,308.25,305.75,303.5,301.25,299.0,296.75,294.5,292.5,290.25,288.25,286.25,284.25,282.25,280.25,278.25,276.5,274.5,272.75,270.75,269.0,267.25,265.5,263.75,262.0,260.5,258.75,257.25,255.5,254.0,252.5,250.75,249.25,247.75,246.25,244.75,243.25,242.0,240.5,239.0,237.75,236.25,235.0,233.75,232.5,231.0,229.75,228.5,227.25,226.0
530.75,522.75,515.0,507.5,500.25,493.25,486.5,480.0,473.75,467.75,461.75,456.0,450.25,444.75,439.5,434.25,429.25,424.5,419.75,415.0,410.5,406.0,401.75,397.5,393.5,389.5,385.5,381.5,377.75,374.25,370.5,367.0,363.5,360.25,357.0,353.75,350.5,347.25,344.25,341.25,338.25,335.5,332.5,329.75,327.0,324.5,321.75,319.25,316.5,314.0,311.75,309.25,306.75,304.5,302.25,300.0,297.75,295.5,293.25,291.25,289.0,287.0,285.0,283.0,281.0,279.0,277.0,275.25,273.25,271.5,269.75,268.0,266.25,264.5,262.75,261.0,259.25,257.75,256.0,254.5,252.75,251.25,249.75,248.25,246.75,245.25,243.75,242.25,241.0,239.5,238.25,236.75,235.5,234.0,232.75,231.5,230.25,228.75,227.5,226.25,225.25
528.5,520.5,513.0,505.5,498.25,491.25,484.75,478.25,471.75,465.75,459.75,454.0,448.5,443.0,437.75,432.5,427.5,422.75,418.0,413.25,408.75,404.25,400.0,395.75,391.75,387.75,383.75,380.0,376.25,372.5,369.0,365.5,362.0,358.75,355.5,352.25,349.0,345.75,342.75,339.75,337.0,334.0,331.25,328.5,325.75,323.0,320.25,317.75,315.25,312.75,310.25,307.75,305.5,303.25,300.75,298.5,296.25,294.25,292.0,290.0,287.75,285.75,283.75,281.75,279.75,277.75,276.0,274.0,272.25,270.25,268.5,266.75,265.0,263.25,261.5,259.75,258.25,256.5,255.0,253.25,251.75,250.25,248.75,247.25,245.75,244.25,242.75,241.25,240.0,238.5,237.25,235.75,234.5,233.0,231.75,230.5,229.25,228.0,226.75,225.5,224.25
526.5,518.5,510.75,503.5,496.25,489.25,482.75,476.25,470.0,463.75,458.0,452.25,446.5,441.25,436.0,430.75,425.75,421.0,416.25,411.5,407.0,402.75,398.25,394.25,390.0,386.0,382.25,378.5,374.75,371.0,367.5,364.0,360.5,357.25,353.75,350.5,347.5,344.25,341.25,338.25,335.5,332.5,329.75,327.0,324.25,321.5,319.0,316.25,313.75,311.25,309.0,306.5,304.0,301.75,299.5,297.25,295.0,292.75,290.75,288.5,286.5,284.5,282.5,280.5,278.5,276.5,274.75,272.75,271.0,269.0,267.25,265.5,263.75,262.0,260.5,258.75,257.0,255.5,253.75,252.25,250.75,249.25,247.75,246.25,244.75,243.25,241.75,240.25,239.0,237.5,236.25,234.75,233.5,232.25,230.75,229.5,228.25,227.0,225.75,224.5,223.5
524.25,516.25,508.75,501.25,494.25,487.25,480.5,474.25,468.0,461.75,456.0,450.25,444.75,439.25,434.0,429.0,424.0,419.0,414.25,409.75,405.25,401.0,396.75,392.5,388.5,384.5,380.5,376.75,373.0,369.25,365.75,362.25,359.0,355.5,352.25,349.0,346.0,342.75,339.75,336.75,334.0,331.0,328.25,325.5,322.75,320.0,317.5,315.0,312.5,310.0,307.5,305.0,302.75,300.5,298.25,296.0,293.75,291.5,289.25,287.25,285.25,283.25,281.25,279.25,277.25,275.25,273.5,271.5,269.75,268.0,266.0,264.25,262.5,261.0,259.25,257.5,256.0,254.25,252.75,251.25,249.5,248.0,246.5,245.0,243.5,242.25,240.75,239.25,238.0,236.5,235.25,233.75,232.5,231.25,230.0,228.75,227.5,226.25,225.0,223.75,222.5
522.0,514.0,506.5,499.25,492.0,485.25,478.5,472.0,466.0,459.75,454.0,448.25,442.75,437.25,432.0,427.0,422.0,417.25,412.5,408.0,403.5,399.0,394.75,390.75,386.75,382.75,378.75,375.0,371.25,367.75,364.0,360.75,357.25,354.0,350.75,347.5,344.25,341.25,338.25,335.25,332.25,329.5,326.75,324.0,321.25,318.5,316.0,313.5,311.0,308.5,306.0,303.75,301.25,299.0,296.75,294.5,292.25,290.25,288.0,286.0,283.75,281.75,279.75,278.0,276.0,274.0,272.25,270.25,268.5,266.75,265.0,263.25,261.5,259.75,258.0,256.5,254.75,253.25,251.5,250.0,248.5,247.0,245.5,244.0,242.5,241.25,239.75,238.25,237.0,235.5,234.25,233.0,231.5,230.25,229.0,227.75,226.5,225.25,224.0,222.75,221.75
519.75,512.0,504.25,497.0,490.0,483.0,476.5,470.0,463.75,457.75,452.0,446.25,440.75,435.5,430.25,425.0,420.25,415.25,410.75,406.0,401.75,397.25,393.0,389.0,384.75,381.0,377.0,373.25,369.5,366.0,362.5,359.0,355.5,352.25,349.0,345.75,342.75,339.5,336.5,333.75,330.75,328.0,325.25,322.5,319.75,317.0,314.5,312.0,309.5,307.0,304.5,302.25,300.0,297.5,295.25,293.0,291.0,288.75,286.75,284.5,282.5,280.5,278.5,276.5,274.75,272.75,271.0,269.0,267.25,265.5,263.75,262.0,260.25,258.5,257.0,255.25,253.75,252.0,250.5,249.0,247.5,246.0,244.5,243.0,241.5,240.0,238.75,237.25,236.0,234.5,233.25,232.0,230.75,229.5,228.0,226.75,225.75,224.5,223.25,222.0,220.75
517.5,509.75,502.0,494.75,487.75,481.0,474.25,468.0,461.75,455.75,450.0,444.25,438.75,433.5,428.25,423.25,418.25,413.5,408.75,404.25,399.75,395.5,391.25,387.0,383.0,379.0,375.25,371.5,367.75,364.25,360.75,357.25,353.75,350.5,347.25,344.25,341.0,338.0,335.0,332.0,329.25,326.25,323.5,320.75,318.25,315.5,313.0,310.5,308.0,305.5,303.0,300.75,298.5,296.25,294.0,291.75,289.5,287.5,285.25,283.25,281.25,279.25,277.25,275.25,273.25,271.5,269.75,267.75,266.0,264.25,262.5,260.75,259.0,257.5,255.75,254.25,252.5,251.0,249.5,248.0,246.25,245.0,243.5,242.0,240.5,239.0,237.75,236.25,235.0,233.75,232.25,231.0,229.75,228.5,227.25,226.0,224.75,223.5,222.5,221.25,220.0
515.25,507.5,499.75,492.5,485.5,478.75,472.25,465.75,459.5,453.75,447.75,442.25,436.75,431.25,426.25,421.25,416.25,411.5,406.75,402.25,397.75,393.5,389.25,385.25,381.25,377.25,373.5,369.75,366.0,362.5,359.0,355.5,352.0,348.75,345.5,342.5,339.25,336.25,333.25,330.5,327.5,324.75,322.0,319.25,316.5,314.0,311.5,309.0,306.5,304.0,301.75,299.25,297.0,294.75,292.5,290.25,288.25,286.0,284.0,281.75,279.75,277.75,276.0,274.0,272.0,270.25,268.25,266.5,264.75,263.0,261.25,259.5,258.0,256.25,254.5,253.0,251.5,249.75,248.25,246.75,245.25,243.75,242.5,241.0,239.5,238.25,236.75,235.5,234.0,232.75,231.5,230.25,229.0,227.75,226.5,225.25,224.0,222.75,221.5,220.5,219.25
513.0,505.0,497.5,490.25,483.25,476.5,470.0,463.5,457.5,451.5,445.75,440.0,434.5,429.25,424.25,419.0,414.25,409.5,404.75,400.25,396.0,391.5,387.5,383.25,379.25,375.5,371.5,367.75,364.25,360.5,357.0,353.75,350.25,347.0,343.75,340.75,337.5,334.5,331.75,328.75,326.0,323.0,320.25,317.75,315.0,312.5,309.75,307.25,305.0,302.5,300.25,297.75,295.5,293.25,291.0,288.75,286.75,284.5,282.5,280.5,278.5,276.5,274.5,272.75,270.75,269.0,267.25,265.25,263.5,261.75,260.0,258.5,256.75,255.25,253.5,252.0,250.25,248.75,247.25,245.75,244.25,242.75,241.5,240.0,238.5,237.25,235.75,234.5,233.25,232.0,230.5,229.25,228.0,226.75,225.5,224.5,223.25,222.0,221.0,219.75,218.5
510.5,502.75,495.25,488.0,481.0,474.25,467.75,461.5,455.25,449.25,443.5,438.0,432.5,427.25,422.0,417.0,412.25,407.5,402.75,398.25,394.0,389.5,385.5,381.25,377.25,373.5,369.75,366.0,362.25,358.75,355.25,352.0,348.5,345.25,342.0,339.0,336.0,333.0,330.0,327.0,324.25,321.5,318.75,316.0,313.5,310.75,308.25,305.75,303.5,301.0,298.75,296.25,294.0,291.75,289.5,287.5,285.25,283.25,281.25,279.25,277.25,275.25,273.25,271.5,269.5,267.75,266.0,264.25,262.5,260.75,259.0,257.25,255.75,254.0,252.5,250.75,249.25,247.75,246.25,244.75,243.25,242.0,240.5,239.0,237.75,236.25,235.0,233.75,232.25,231.0,229.75,228.5,227.25,226.0,224.75,223.75,222.5,221.25,220.25,219.0,218.0
508.0,500.25,493.0,485.75,478.75,472.0,465.5,459.0,453.0,447.0,441.25,435.75,430.25,425.0,420.0,415.0,410.0,405.25,400.75,396.25,391.75,387.5,383.5,379.25,375.5,371.5,367.75,364.0,360.5,357.0,353.5,350.0,346.75,343.5,340.25,337.25,334.25,331.25,328.25,325.25,322.5,319.75,317.0,314.5,311.75,309.25,306.75,304.25,301.75,299.5,297.25,294.75,292.5,290.5,288.25,286.0,284.0,282.0,279.75,277.75,276.0,274.0,272.0,270.25,268.25,266.5,264.75,263.0,261.25,259.5,257.75,256.25,254.5,253.0,251.5,249.75,248.25,246.75,245.25,243.75,242.5,241.0,239.5,238.25,236.75,235.5,234.25,232.75,231.5,230.25,229.0,227.75,226.5,225.25,224.25,223.0,221.75,220.75,219.5,218.5,217.25
505.75,498.0,490.5,483.25,476.25,469.5,463.0,456.75,450.75,444.75,439.0,433.5,428.0,422.75,417.75,412.75,408.0,403.25,398.5,394.25,389.75,385.5,381.5,377.25,373.5,369.5,365.75,362.0,358.5,355.0,351.5,348.25,345.0,341.75,338.5,335.5,332.5,329.5,326.5,323.75,321.0,318.25,315.5,312.75,310.25,307.75,305.25,302.75,300.25,298.0,295.75,293.5,291.25,289.0,286.75,284.75,282.5,280.5,278.5,276.5,274.75,272.75,270.75,269.0,267.25,265.25,263.5,261.75,260.25,258.5,256.75,255.25,253.5,252.0,250.5,248.75,247.25,245.75,244.5,243.0,241.5,240.0,238.75,237.25,236.0,234.75,233.25,232.0,230.75,229.5,228.25,227.0,226.0,224.75,223.5,222.25,221.25,220.0,219.0,217.75,216.75
503.25,495.5,488.0,480.75,474.0,467.25,460.75,454.5,448.25,442.5,436.75,431.25,425.75,420.5,415.5,410.5,405.75,401.0,396.5,392.0,387.75,383.5,379.25,375.25,371.5,367.5,363.75,360.25,356.5,353.0,349.75,346.25,343.0,339.75,336.75,333.75,330.75,327.75,324.75,322.0,319.25,316.5,313.75,311.25,308.75,306.25,303.75,301.25,299.0,296.5,294.25,292.0,289.75,287.5,285.5,283.5,281.25,279.25,277.25,275.25,273.5,271.5,269.75,267.75,266.0,264.25,262.5,260.75,259.0,257.5,255.75,254.25,252.5,251.0,249.5,248.0,246.5,245.0,243.5,242.25,240.75,239.25,238.0,236.5,235.25,234.0,232.75,231.5,230.25,229.0,227.75,226.5,225.25,224.0,223.0,221.75,220.75,219.5,218.5,217.5,216.25
500.75,493.0,485.5,478.25,471.5,464.75,458.25,452.0,446.0,440.25,434.5,429.0,423.5,418.25,413.25,408.25,403.5,399.0,394.25,390.0,385.75,381.5,377.25,373.25,369.5,365.5,362.0,358.25,354.75,351.25,347.75,344.5,341.25,338.0,335.0,332.0,329.0,326.0,323.25,320.25,317.5,315.0,312.25,309.75,307.25,304.75,302.25,299.75,297.5,295.25,293.0,290.75,288.5,286.25,284.25,282.25,280.0,278.0,276.25,274.25,272.25,270.5,268.5,266.75,265.0,263.25,261.5,259.75,258.25,256.5,255.0,253.25,251.75,250.25,248.75,247.25,245.75,244.25,242.75,241.5,240.0,238.75,237.25,236.0,234.75,233.25,232.0,230.75,229.5,228.25,227.25,226.0,224.75,223.75,222.5,221.25,220.25,219.25,218.0,217.0,216.0
498.0,490.5,483.0,475.75,469.0,462.25,456.0,449.75,443.5,437.75,432.0,426.5,421.25,416.0,411.0,406.25,401.5,396.75,392.25,387.75,383.5,379.25,375.25,371.25,367.5,363.75,360.0,356.25,352.75,349.5,346.0,342.75,339.5,336.25,333.25,330.25,327.25,324.5,321.5,318.75,316.0,313.5,310.75,308.25,305.75,303.25,300.75,298.5,296.25,293.75,291.5,289.5,287.25,285.25,283.0,281.0,279.0,277.0,275.0,273.25,271.25,269.5,267.5,265.75,264.0,262.25,260.75,259.0,257.25,255.75,254.0,252.5,251.0,249.5,248.0,246.5,245.0,243.5,242.25,240.75,239.5,238.0,236.75,235.5,234.25,232.75,231.5,230.25,229.25,228.0,226.75,225.5,224.5,223.25,222.25,221.0,220.0,218.75,217.75,216.75,215.75
495.5,487.75,480.5,473.25,466.5,459.75,453.5,447.25,441.25,435.5,429.75,424.25,419.0,413.75,408.75,404.0,399.25,394.5,390.0,385.75,381.5,377.25,373.25,369.25,365.5,361.75,358.0,354.5,351.0,347.5,344.25,341.0,337.75,334.75,331.75,328.75,325.75,323.0,320.0,317.25,314.75,312.0,309.5,307.0,304.5,302.0,299.5,297.25,295.0,292.75,290.5,288.25,286.25,284.0,282.0,280.0,278.0,276.0,274.0,272.25,270.5,268.5,266.75,265.0,263.25,261.5,260.0,258.25,256.5,255.0,253.5,252.0,250.25,248.75,247.5,246.0,244.5,243.0,241.75,240.25,239.0,237.75,236.25,235.0,233.75,232.5,231.25,230.0,228.75,227.75,226.5,225.25,224.25,223.0,222.0,220.75,219.75,218.75,217.5,216.5,215.5
492.75,485.25,478.0,470.75,464.0,457.25,451.0,444.75,438.75,433.0,427.5,422.0,416.75,411.5,406.75,401.75,397.0,392.5,388.0,383.75,379.5,375.5,371.5,367.5,363.75,360.0,356.25,352.75,349.25,346.0,342.75,339.5,336.25,333.25,330.25,327.25,324.25,321.5,318.75,316.0,313.25,310.75,308.25,305.75,303.25,300.75,298.5,296.25,293.75,291.75,289.5,287.25,285.25,283.25,281.0,279.0,277.25,275.25,273.25,271.5,269.75,267.75,266.0,264.25,262.5,261.0,259.25,257.75,256.0,254.5,253.0,251.5,250.0,248.5,247.0,245.5,244.0,242.75,241.25,240.0,238.75,237.25,236.0,234.75,233.5,232.25,231.0,229.75,228.75,227.5,226.25,225.25,224.0,223.0,221.75,220.75,219.75,218.75,217.5,216.5,215.5
490.25,482.75,475.25,468.25,461.5,455.0,448.5,442.5,436.5,430.75,425.25,419.75,414.5,409.5,404.5,399.75,395.0,390.5,386.0,381.75,377.75,373.5,369.5,365.75,362.0,358.25,354.75,351.25,347.75,344.5,341.25,338.0,334.75,331.75,328.75,325.75,323.0,320.25,317.5,314.75,312.25,309.5,307.0,304.5,302.25,299.75,297.5,295.25,293.0,290.75,288.5,286.5,284.5,282.5,280.5,278.5,276.5,274.5,272.75,271.0,269.0,267.25,265.5,263.75,262.25,260.5,259.0,257.25,255.75,254.25,252.5,251.0,249.5,248.25,246.75,245.25,244.0,242.5,241.25,239.75,238.5,237.25,236.0,234.75,233.5,232.25,231.0,229.75,228.75,227.5,226.25,225.25,224.0,223.0,222.0,220.75,219.75,218.75,217.75,216.75,215.75
487.5,480.0,472.75,465.75,459.0,452.5,446.25,440.25,434.25,428.5,423.0,417.75,412.5,407.5,402.5,397.75,393.25,388.75,384.25,380.0,376.0,372.0,368.0,364.25,360.5,356.75,353.25,349.75,346.25,343.0,339.75,336.75,333.5,330.5,327.75,324.75,322.0,319.25,316.5,313.75,311.25,308.75,306.25,303.75,301.5,299.0,296.75,294.5,292.25,290.25,288.0,286.0,284.0,281.75,280.0,278.0,276.0,274.25,272.25,270.5,268.75,267.0,265.25,263.5,262.0,260.25,258.75,257.0,255.5,254.0,252.5,251.0,249.5,248.0,246.75,245.25,244.0,242.5,241.25,240.0,238.5,237.25,236.0,234.75,233.5,232.5,231.25,230.0,229.0,227.75,226.5,225.5,224.5,223.25,222.25,221.25,220.25,219.0,218.0,217.0,216.0
485.0,477.5,470.5,463.5,456.75,450.25,444.0,438.0,432.25,426.5,421.0,415.75,410.5,405.5,400.75,396.0,391.5,387.0,382.75,378.5,374.5,370.5,366.5,362.75,359.0,355.5,352.0,348.5,345.25,342.0,338.75,335.75,332.75,329.75,326.75,324.0,321.25,318.5,315.75,313.25,310.5,308.0,305.75,303.25,301.0,298.5,296.25,294.0,292.0,289.75,287.75,285.5,283.5,281.5,279.75,277.75,276.0,274.0,272.25,270.5,268.75,267.0,265.25,263.5,262.0,260.25,258.75,257.25,255.75,254.25,252.75,251.25,249.75,248.25,247.0,245.5,244.25,242.75,241.5,240.25,239.0,237.75,236.5,235.25,234.0,232.75,231.75,230.5,229.25,228.25,227.0,226.0,225.0,223.75,222.75,221.75,220.75,219.75,218.75,217.75,216.75
482.75,475.25,468.0,461.25,454.5,448.25,442.0,436.0,430.25,424.75,419.25,414.0,409.0,404.0,399.25,394.5,390.0,385.75,381.5,377.25,373.25,369.25,365.5,361.75,358.0,354.5,351.0,347.75,344.5,341.25,338.0,335.0,332.0,329.0,326.25,323.25,320.5,318.0,315.25,312.75,310.25,307.75,305.25,303.0,300.75,298.5,296.25,294.0,291.75,289.75,287.75,285.5,283.5,281.75,279.75,277.75,276.0,274.25,272.5,270.75,269.0,267.25,265.5,264.0,262.25,260.75,259.0,257.5,256.0,254.5,253.0,251.75,250.25,248.75,247.5,246.0,244.75,243.5,242.0,240.75,239.5,238.25,237.0,235.75,234.75,233.5,232.25,231.25,230.0,229.0,227.75,226.75,225.5,224.5,223.5,222.5,221.5,220.5,219.5,218.5,217.5
480.5,473.0,466.0,459.25,452.75,446.25,440.25,434.25,428.5,423.0,417.75,412.5,407.5,402.75,398.0,393.25,389.0,384.5,380.25,376.25,372.25,368.5,364.5,361.0,357.25,353.75,350.5,347.0,343.75,340.75,337.5,334.5,331.75,328.75,326.0,323.25,320.5,317.75,315.25,312.75,310.25,307.75,305.5,303.0,300.75,298.5,296.25,294.25,292.0,290.0,288.0,286.0,284.0,282.0,280.25,278.25,276.5,274.75,272.75,271.25,269.5,267.75,266.0,264.5,262.75,261.25,259.75,258.25,256.75,255.25,253.75,252.25,251.0,249.5,248.25,246.75,245.5,244.25,243.0,241.75,240.5,239.25,238.0,236.75,235.5,234.25,233.25,232.0,231.0,229.75,228.75,227.75,226.5,225.5,224.5,223.5,222.5,221.5,220.5,219.5,218.5
478.5,471.25,464.25,457.5,451.0,444.75,438.75,432.75,427.25,421.75,416.5,411.5,406.5,401.75,397.0,392.5,388.0,383.75,379.75,375.5,371.75,367.75,364.25,360.5,357.0,353.5,350.25,347.0,343.75,340.5,337.5,334.5,331.75,328.75,326.0,323.25,320.5,318.0,315.5,313.0,310.5,308.0,305.75,303.5,301.25,299.0,296.75,294.75,292.5,290.5,288.5,286.5,284.5,282.75,280.75,279.0,277.25,275.5,273.75,272.0,270.25,268.5,267.0,265.25,263.75,262.25,260.75,259.25,257.75,256.25,254.75,253.25,252.0,250.5,249.25,248.0,246.5,245.25,244.0,242.75,241.5,240.25,239.0,237.75,236.75,235.5,234.25,233.25,232.0,231.0,230.0,228.75,227.75,226.75,225.75,224.75,223.75,222.75,221.75,220.75,219.75
476.5,469.5,462.5,456.0,449.5,443.5,437.5,431.75,426.25,420.75,415.5,410.5,405.75,401.0,396.25,392.0,387.5,383.5,379.25,375.25,371.5,367.75,364.0,360.5,357.0,353.5,350.25,347.0,344.0,340.75,337.75,334.75,332.0,329.25,326.5,323.75,321.0,318.5,316.0,313.5,311.25,308.75,306.5,304.25,302.0,299.75,297.5,295.5,293.5,291.5,289.5,287.5,285.5,283.75,281.75,280.0,278.25,276.5,274.75,273.0,271.25,269.75,268.0,266.5,265.0,263.5,261.75,260.5,259.0,257.5,256.0,254.5,253.25,251.75,250.5,249.25,248.0,246.5,245.25,244.0,242.75,241.5,240.5,239.25,238.0,237.0,235.75,234.75,233.5,232.5,231.25,230.25,229.25,228.25,227.25,226.25,225.0,224.25,223.25,222.25,221.25
475.0,468.0,461.25,454.75,448.5,442.25,436.5,430.75,425.25,420.0,415.0,410.0,405.25,400.5,396.0,391.75,387.5,383.25,379.25,375.25,371.5,367.75,364.25,360.75,357.25,354.0,350.75,347.5,344.25,341.25,338.25,335.5,332.5,329.75,327.25,324.5,322.0,319.25,316.75,314.5,312.0,309.75,307.5,305.25,303.0,300.75,298.75,296.5,294.5,292.5,290.5,288.75,286.75,285.0,283.0,281.25,279.5,277.75,276.0,274.25,272.75,271.0,269.5,267.75,266.25,264.75,263.25,261.75,260.25,259.0,257.5,256.0,254.75,253.25,252.0,250.75,249.5,248.0,246.75,245.5,244.25,243.25,242.0,240.75,239.5,238.5,237.25,236.25,235.0,234.0,233.0,231.75,230.75,229.75,228.75,227.75,226.75,225.75,224.75,223.75,222.75
473.5,466.75,460.0,453.5,447.5,441.5,435.75,430.25,424.75,419.5,414.5,409.75,405.0,400.25,396.0,391.5,387.5,383.25,379.5,375.5,371.75,368.25,364.5,361.0,357.75,354.5,351.25,348.0,345.0,342.0,339.0,336.25,333.5,330.75,328.0,325.5,322.75,320.25,318.0,315.5,313.25,310.75,308.5,306.25,304.25,302.0,300.0,297.75,295.75,293.75,292.0,290.0,288.0,286.25,284.5,282.75,281.0,279.25,277.5,275.75,274.25,272.5,271.0,269.5,267.75,266.25,264.75,263.25,262.0,260.5,259.0,257.75,256.25,255.0,253.75,252.25,251.0,249.75,248.5,247.25,246.0,244.75,243.5,242.5,241.25,240.25,239.0,238.0,236.75,235.75,234.5,233.5,232.5,231.5,230.5,229.5,228.5,227.5,226.5,225.5,224.5
472.25,465.5,459.0,452.75,446.5,440.75,435.0,429.75,424.25,419.25,414.25,409.5,404.75,400.25,396.0,391.75,387.5,383.5,379.75,376.0,372.25,368.5,365.0,361.75,358.25,355.0,352.0,348.75,345.75,342.75,340.0,337.25,334.5,331.75,329.0,326.5,324.0,321.5,319.0,316.75,314.25,312.0,309.75,307.5,305.5,303.25,301.25,299.25,297.25,295.25,293.25,291.5,289.5,287.75,286.0,284.25,282.5,280.75,279.0,277.25,275.75,274.25,272.5,271.0,269.5,268.0,266.5,265.0,263.5,262.25,260.75,259.25,258.0,256.75,255.25,254.0,252.75,251.5,250.25,249.0,247.75,246.5,245.25,244.25,243.0,241.75,240.75,239.5,238.5,237.5,236.25,235.25,234.25,233.25,232.25,231.25,230.25,229.25,228.25,227.25,226.25
471.25,464.5,458.0,452.0,446.0,440.25,434.5,429.25,424.0,419.0,414.25,409.5,404.75,400.5,396.0,392.0,387.75,384.0,380.0,376.25,372.75,369.25,365.75,362.25,359.0,355.75,352.75,349.75,346.75,343.75,341.0,338.25,335.5,332.75,330.25,327.5,325.0,322.75,320.25,318.0,315.5,313.25,311.0,309.0,306.75,304.75,302.75,300.5,298.75,296.75,294.75,293.0,291.0,289.25,287.5,285.75,284.0,282.25,280.5,279.0,277.25,275.75,274.25,272.5,271.0,269.5,268.0,266.5,265.25,263.75,262.5,261.0,259.75,258.25,257.0,255.75,254.5,253.25,252.0,250.75,249.5,248.25,247.0,246.0,244.75,243.5,242.5,241.25,240.25,239.25,238.0,237.0,236.0,235.0,234.0,233.0,232.0,231.0,230.0,229.0,228.0
470.0,463.5,457.25,451.0,445.25,439.5,434.0,428.75,423.75,418.75,414.0,409.25,404.75,400.5,396.25,392.0,388.0,384.25,380.5,376.75,373.25,369.75,366.25,363.0,359.75,356.5,353.5,350.5,347.5,344.5,341.75,339.0,336.25,333.75,331.25,328.5,326.25,323.75,321.25,319.0,316.75,314.5,312.25,310.25,308.0,306.0,304.0,302.0,300.0,298.0,296.25,294.25,292.5,290.5,288.75,287.0,285.5,283.75,282.0,280.5,278.75,277.25,275.75,274.0,272.5,271.0,269.5,268.25,266.75,265.25,264.0,262.5,261.25,260.0,258.5,257.25,256.0,254.75,253.5,252.25,251.0,249.75,248.75,247.5,246.25,245.25,244.0,243.0,242.0,240.75,239.75,238.75,237.75,236.5,235.5,234.5,233.5,232.5,231.5,230.75,229.75
469.0,462.5,456.25,450.25,444.5,439.0,433.5,428.5,423.5,418.5,413.75,409.25,404.75,400.5,396.25,392.25,388.25,384.5,380.75,377.0,373.5,370.0,366.75,363.5,360.25,357.25,354.0,351.0,348.25,345.25,342.5,339.75,337.25,334.5,332.0,329.5,327.0,324.75,322.25,320.0,317.75,315.5,313.25,311.25,309.25,307.0,305.0,303.0,301.25,299.25,297.25,295.5,293.75,291.75,290.0,288.25,286.75,285.0,283.25,281.75,280.0,278.5,277.0,275.5,274.0,272.5,271.0,269.5,268.25,266.75,265.25,264.0,262.75,261.25,260.0,258.75,257.5,256.25,255.0,253.75,252.5,251.25,250.25,249.0,247.75,246.75,245.5,244.5,243.25,242.25,241.25,240.25,239.0,238.0,237.0,236.0,235.0,234.0,233.0,232.0,231.25
