374.75,373.0,371.0,369.25,367.75,366.0,364.25,362.5,361.0,359.25,357.75,356.25,354.75,353.0,351.5,350.0,348.5,347.0,345.75,344.25,343.0,341.5,340.25,338.75,337.25,336.0,334.75,333.25,332.0,330.75,329.5,328.25,327.0,325.75,324.5,323.25,322.0,320.75,319.75,318.5,317.25,316.0,315.0,313.75,312.75,311.75,310.5,309.5,308.25,307.25,306.25,305.25,304.0,302.75,302.0,300.75,299.75,298.75,297.75,296.75,295.75,294.75,293.75,293.0,292.0,291.0,290.0,289.0,288.25,287.25,286.25,285.5,284.5,283.75,282.75,282.0,281.0,280.25,279.25,278.5,277.75,276.75,276.0,275.25,274.5,273.75,273.0,272.25,271.5,270.75,269.75,269.0,268.25,267.75,267.0,266.0,265.25,264.75,264.0,263.25,262.5
373.0,371.0,369.25,367.5,365.75,364.0,362.25,360.5,358.75,357.5,355.75,354.25,352.75,351.25,349.5,348.25,346.5,345.25,343.75,342.25,341.0,339.5,338.25,336.75,335.5,334.25,333.0,331.5,330.0,328.75,327.5,326.25,325.0,323.75,322.5,321.25,320.0,319.0,317.75,316.5,315.5,314.25,313.0,312.0,310.75,309.75,308.5,307.5,306.25,305.25,304.0,303.0,302.0,301.0,300.0,299.0,297.75,296.75,295.75,295.0,294.0,293.0,291.75,291.0,290.0,289.25,288.25,287.25,286.25,285.5,284.5,283.5,282.75,281.75,281.0,280.25,279.25,278.5,277.5,276.75,276.0,275.0,274.25,273.5,272.75,272.0,271.25,270.5,269.5,268.75,268.0,267.5,266.5,265.75,265.25,264.25,263.75,263.0,262.25,261.75,261.0
370.75,369.0,367.25,365.5,363.75,361.75,360.25,358.75,357.0,355.5,353.75,352.25,350.75,349.0,347.5,346.25,344.75,343.25,341.75,340.25,339.0,337.5,336.25,334.75,333.5,332.0,331.0,329.5,328.25,326.75,325.5,324.5,323.0,321.75,320.5,319.25,318.25,317.0,315.75,314.5,313.25,312.0,311.0,310.0,308.75,307.75,306.5,305.5,304.5,303.25,302.25,301.0,300.25,299.0,298.0,297.0,296.0,295.0,294.0,293.0,292.0,291.0,290.0,289.0,288.25,287.25,286.25,285.25,284.5,283.75,282.75,281.75,280.75,280.0,279.25,278.25,277.5,276.5,275.75,274.75,274.0,273.5,272.5,271.5,271.0,270.25,269.25,268.5,268.0,267.0,266.5,265.75,265.0,264.25,263.5,262.75,262.0,261.25,260.5,260.0,259.25
368.75,366.75,365.0,363.25,361.75,360.0,358.25,356.5,355.0,353.25,351.5,350.25,348.5,347.25,345.5,344.0,342.75,341.25,339.75,338.25,337.0,335.5,334.0,332.75,331.5,330.0,328.75,327.5,326.25,324.75,323.5,322.5,321.0,320.0,318.5,317.25,316.0,315.0,313.75,312.5,311.25,310.25,309.0,307.75,306.75,305.75,304.5,303.75,302.5,301.25,300.25,299.25,298.0,297.0,296.0,295.0,294.0,293.0,292.0,291.0,290.0,289.0,288.25,287.25,286.25,285.25,284.25,283.5,282.5,281.75,280.75,280.0,279.0,278.25,277.25,276.5,275.5,274.75,274.0,273.25,272.25,271.5,270.75,270.0,269.25,268.25,267.75,266.75,266.25,265.5,264.75,264.0,263.25,262.5,261.75,261.0,260.25,259.75,259.0,258.5,257.75
366.75,364.75,363.0,361.25,359.5,357.5,356.25,354.25,352.75,351.25,349.75,348.25,346.5,345.0,343.5,342.0,340.5,339.25,337.75,336.25,334.75,333.5,332.0,330.75,329.5,328.0,326.75,325.25,324.25,322.75,321.5,320.25,319.0,317.5,316.5,315.25,314.0,312.75,311.75,310.5,309.25,308.25,307.0,305.75,304.75,303.75,302.5,301.5,300.5,299.25,298.25,297.0,296.25,295.0,294.25,293.0,292.0,291.0,290.25,289.0,288.25,287.0,286.25,285.25,284.5,283.5,282.5,281.75,280.75,279.75,278.75,278.0,277.0,276.25,275.5,274.5,273.75,273.0,272.25,271.25,270.5,269.75,269.0,268.25,267.5,266.5,265.75,265.0,264.5,263.75,263.0,262.0,261.5,260.75,260.25,259.25,258.75,258.0,257.25,256.5,256.0
364.5,362.5,360.75,359.25,357.5,355.75,354.0,352.5,350.75,349.25,347.5,346.25,344.5,343.0,341.5,340.0,338.5,337.0,335.75,334.25,332.75,331.25,330.0,328.75,327.25,326.0,324.75,323.5,322.0,320.75,319.5,318.25,317.0,315.75,314.5,313.25,312.0,311.0,309.75,308.5,307.25,306.25,305.25,304.0,302.75,301.75,300.5,299.25,298.5,297.25,296.25,295.25,294.25,293.25,292.0,291.25,290.0,289.0,288.0,287.25,286.25,285.0,284.25,283.25,282.5,281.75,280.5,279.75,279.0,278.0,277.25,276.25,275.25,274.5,273.5,272.75,272.0,271.25,270.5,269.5,268.75,268.0,267.25,266.5,265.5,265.0,264.25,263.5,262.5,262.0,261.25,260.5,259.75,259.0,258.25,257.75,257.0,256.25,255.75,255.0,254.25
362.25,360.5,358.75,357.0,355.25,353.75,351.75,350.25,348.75,347.0,345.5,344.0,342.5,340.75,339.5,338.0,336.5,335.0,333.5,332.25,330.75,329.25,328.0,326.75,325.25,324.0,322.5,321.25,320.0,318.75,317.5,316.0,315.0,313.5,312.5,311.25,310.0,308.75,307.5,306.5,305.25,304.25,303.0,301.75,300.75,299.75,298.5,297.5,296.25,295.25,294.25,293.25,292.25,291.25,290.25,289.25,288.25,287.0,286.25,285.25,284.25,283.25,282.5,281.5,280.5,279.75,278.5,277.75,277.0,276.0,275.25,274.25,273.5,272.75,271.75,271.0,270.0,269.25,268.5,267.75,267.0,266.25,265.5,264.75,264.0,263.25,262.5,261.75,261.0,260.25,259.5,259.0,258.25,257.5,256.75,256.25,255.5,254.75,254.0,253.5,252.75
360.25,358.25,356.75,354.75,353.25,351.25,350.0,348.0,346.5,345.0,343.25,341.75,340.25,338.75,337.0,335.75,334.25,333.0,331.25,330.0,328.75,327.25,325.75,324.5,323.0,321.75,320.25,319.25,317.75,316.5,315.25,314.0,312.75,311.5,310.25,309.0,308.0,306.75,305.5,304.5,303.0,302.0,300.75,299.75,298.75,297.5,296.5,295.5,294.5,293.25,292.25,291.25,290.25,289.25,288.25,287.25,286.25,285.25,284.25,283.25,282.25,281.25,280.5,279.5,278.5,277.75,277.0,276.0,275.0,274.0,273.25,272.5,271.75,270.75,270.0,269.0,268.25,267.5,266.75,266.0,265.25,264.5,263.75,263.0,262.25,261.5,260.75,260.0,259.25,258.5,258.0,257.25,256.5,255.75,255.0,254.5,253.75,253.25,252.5,251.75,251.25
358.0,356.25,354.5,352.75,350.75,349.25,347.75,346.0,344.25,342.75,341.0,339.5,338.0,336.5,335.0,333.75,332.0,330.75,329.25,327.75,326.5,325.0,323.75,322.5,321.0,319.75,318.25,317.0,315.75,314.5,313.0,312.0,310.5,309.5,308.25,307.0,306.0,304.5,303.5,302.25,301.25,300.0,298.75,297.75,296.75,295.75,294.25,293.25,292.25,291.25,290.25,289.25,288.25,287.0,286.25,285.25,284.5,283.25,282.25,281.25,280.5,279.5,278.5,277.75,276.75,276.0,275.0,274.0,273.25,272.25,271.5,270.75,269.75,269.0,268.25,267.25,266.5,266.0,265.25,264.25,263.5,262.75,262.0,261.25,260.5,259.75,259.25,258.25,257.75,257.0,256.25,255.5,254.75,254.25,253.5,252.75,252.25,251.5,251.0,250.25,249.75
355.75,354.0,352.25,350.5,348.75,347.0,345.25,343.75,342.25,340.5,339.0,337.5,336.0,334.25,333.0,331.5,330.0,328.5,327.25,325.75,324.25,323.0,321.5,320.25,318.75,317.5,316.25,315.0,313.75,312.25,311.0,309.75,308.5,307.25,306.0,304.75,303.75,302.25,301.25,300.25,299.0,298.0,296.75,295.75,294.5,293.5,292.25,291.25,290.25,289.25,288.25,287.25,286.0,285.25,284.25,283.5,282.25,281.25,280.5,279.5,278.5,277.5,276.75,275.75,275.0,273.75,273.25,272.25,271.25,270.75,269.75,269.0,268.0,267.25,266.5,265.75,265.0,264.25,263.25,262.75,261.75,261.0,260.25,259.75,259.0,258.25,257.5,256.75,256.0,255.25,254.75,254.0,253.25,252.5,252.0,251.25,250.75,250.0,249.25,248.75,248.0
353.5,351.5,350.0,348.25,346.5,344.75,343.25,341.75,340.0,338.25,336.75,335.0,333.75,332.25,330.75,329.25,327.75,326.25,325.0,323.5,322.0,320.75,319.25,318.0,316.5,315.25,314.0,312.75,311.5,310.25,309.0,307.5,306.25,305.25,304.0,302.75,301.5,300.5,299.25,298.0,297.0,295.75,294.75,293.75,292.5,291.5,290.5,289.25,288.25,287.25,286.25,285.25,284.25,283.25,282.25,281.25,280.5,279.5,278.25,277.5,276.5,275.75,274.75,273.75,273.0,272.25,271.25,270.5,269.5,268.75,268.0,267.0,266.25,265.5,264.75,264.0,263.25,262.5,261.75,261.0,260.0,259.5,258.75,258.0,257.25,256.5,255.75,255.0,254.5,253.75,253.0,252.5,251.75,251.0,250.5,249.75,249.25,248.5,248.0,247.25,246.5
351.25,349.25,347.5,346.0,344.25,342.5,340.75,339.25,337.5,336.0,334.5,333.0,331.5,329.75,328.5,327.0,325.5,324.0,322.75,321.25,319.75,318.5,317.0,315.75,314.5,313.0,311.75,310.5,309.25,308.0,306.5,305.5,304.25,303.0,301.75,300.75,299.25,298.25,297.0,296.0,295.0,293.75,292.75,291.5,290.5,289.25,288.25,287.25,286.25,285.25,284.25,283.25,282.25,281.25,280.5,279.25,278.5,277.5,276.5,275.75,274.75,273.75,273.0,272.0,271.25,270.25,269.5,268.75,267.75,267.0,266.25,265.5,264.5,264.0,263.25,262.25,261.5,260.75,260.0,259.25,258.5,257.75,257.0,256.5,255.75,255.0,254.25,253.5,253.0,252.0,251.5,250.75,250.25,249.5,249.0,248.5,247.75,247.0,246.5,245.75,245.25
348.75,347.0,345.25,343.5,341.75,340.25,338.5,337.0,335.25,333.75,332.25,330.75,329.25,327.75,326.0,324.75,323.25,321.75,320.25,318.75,317.5,316.25,315.0,313.5,312.25,310.75,309.75,308.25,307.0,305.75,304.5,303.25,302.25,301.0,299.75,298.5,297.25,296.0,295.25,294.0,292.75,291.75,290.75,289.5,288.5,287.25,286.5,285.25,284.25,283.25,282.25,281.25,280.25,279.5,278.5,277.5,276.5,275.5,274.75,274.0,273.0,272.0,271.0,270.25,269.5,268.75,267.75,266.75,266.0,265.25,264.5,263.75,263.0,262.0,261.25,260.5,259.75,259.0,258.25,257.75,256.75,256.25,255.5,254.75,254.0,253.5,252.75,252.0,251.5,250.75,250.0,249.25,248.75,248.0,247.5,246.75,246.25,245.5,245.0,244.5,243.75
346.5,344.5,343.0,341.25,339.5,337.75,336.25,334.5,333.0,331.25,330.0,328.25,326.75,325.5,323.75,322.25,320.75,319.5,318.0,316.75,315.5,314.0,312.5,311.25,310.0,308.5,307.5,306.0,304.75,303.5,302.5,301.0,300.0,298.75,297.5,296.25,295.25,294.0,293.0,292.0,290.75,289.75,288.5,287.5,286.5,285.5,284.5,283.25,282.25,281.25,280.5,279.5,278.25,277.25,276.5,275.75,274.75,273.75,273.0,272.0,271.25,270.25,269.25,268.5,267.75,266.75,266.0,265.25,264.25,263.5,262.75,262.0,261.25,260.5,259.5,259.0,258.25,257.5,256.75,256.0,255.25,254.75,254.0,253.25,252.5,251.75,251.0,250.5,250.0,249.25,248.5,248.0,247.5,246.75,246.0,245.5,244.75,244.25,243.5,243.0,242.5
343.75,342.25,340.5,338.75,337.0,335.5,333.75,332.25,330.5,329.0,327.5,326.0,324.5,322.75,321.5,320.25,318.5,317.0,315.75,314.25,313.0,311.75,310.25,309.0,307.75,306.5,305.25,303.75,302.75,301.5,300.0,299.25,297.75,296.5,295.5,294.25,293.0,292.0,290.75,289.75,288.75,287.5,286.5,285.5,284.5,283.5,282.5,281.25,280.25,279.5,278.5,277.5,276.5,275.75,274.75,273.75,272.75,272.0,271.0,270.0,269.25,268.5,267.5,266.75,266.0,265.25,264.25,263.5,262.75,262.0,261.25,260.25,259.5,259.0,258.25,257.5,256.5,255.75,255.0,254.5,253.75,253.25,252.5,251.75,251.0,250.25,249.5,249.0,248.25,247.75,247.25,246.75,246.0,245.25,244.5,244.0,243.25,242.75,242.25,241.75,241.0
341.5,339.75,338.0,336.25,334.75,333.0,331.5,330.0,328.25,326.5,325.25,323.5,322.0,320.75,319.25,317.75,316.25,315.0,313.5,312.0,310.75,309.25,308.0,306.75,305.5,304.25,303.0,301.75,300.25,299.25,298.0,296.75,295.5,294.5,293.5,292.25,291.0,290.0,289.0,287.75,286.75,285.5,284.5,283.5,282.5,281.5,280.5,279.5,278.5,277.5,276.5,275.5,274.75,273.75,273.0,272.0,271.0,270.0,269.25,268.5,267.5,266.75,266.0,265.0,264.25,263.5,262.5,261.75,261.25,260.25,259.5,258.75,258.0,257.25,256.5,255.75,255.25,254.25,253.5,253.0,252.25,251.5,250.75,250.25,249.5,249.0,248.25,247.5,247.0,246.25,245.75,245.0,244.5,243.75,243.25,242.5,242.0,241.5,241.0,240.25,239.75
339.0,337.0,335.5,333.75,332.25,330.5,329.0,327.25,325.75,324.25,322.75,321.25,319.75,318.25,316.75,315.25,314.0,312.5,311.25,309.75,308.5,307.25,305.75,304.5,303.25,302.0,300.5,299.5,298.25,297.0,295.75,294.75,293.5,292.25,291.25,290.0,289.0,287.75,286.75,285.75,284.75,283.5,282.5,281.75,280.5,279.5,278.5,277.5,276.5,275.75,274.75,273.75,272.75,272.0,271.0,270.25,269.25,268.5,267.5,266.75,266.0,265.0,264.25,263.25,262.5,261.75,261.0,260.25,259.5,258.5,257.75,257.25,256.5,255.75,255.0,254.25,253.5,253.0,252.0,251.5,250.75,250.0,249.25,248.75,248.0,247.5,246.75,246.25,245.5,245.0,244.25,243.75,243.0,242.5,242.0,241.25,240.75,240.0,239.75,239.0,238.5
336.5,334.75,333.0,331.25,329.75,328.0,326.5,325.0,323.25,321.75,320.25,318.75,317.25,316.0,314.5,313.0,311.5,310.25,309.0,307.5,306.25,304.75,303.5,302.25,301.0,299.5,298.5,297.5,296.0,294.75,293.5,292.5,291.5,290.25,289.0,287.75,286.75,285.75,284.75,283.75,282.75,281.75,280.75,279.75,278.5,277.5,276.5,275.75,274.75,273.75,273.0,271.75,271.0,270.25,269.25,268.5,267.75,266.75,266.0,265.0,264.25,263.25,262.5,261.75,261.0,260.25,259.5,258.5,258.0,257.0,256.5,255.5,254.75,254.25,253.5,252.75,252.0,251.5,250.75,250.0,249.25,248.5,248.0,247.25,246.75,246.0,245.5,244.75,244.25,243.5,243.0,242.5,241.75,241.25,240.75,240.0,239.5,238.75,238.25,237.75,237.25
334.0,332.5,330.5,328.75,327.25,325.5,324.0,322.5,321.0,319.5,317.75,316.5,315.0,313.5,312.0,310.5,309.25,308.0,306.5,305.25,304.0,302.5,301.25,300.0,298.75,297.5,296.25,295.25,294.0,292.75,291.5,290.5,289.25,288.25,287.0,286.0,285.0,283.75,282.75,281.75,280.75,279.75,278.75,277.75,276.75,275.75,274.75,273.75,273.0,272.25,271.0,270.25,269.25,268.5,267.5,266.75,265.75,265.0,264.0,263.25,262.5,261.75,261.0,260.25,259.25,258.5,257.75,257.0,256.5,255.75,254.75,254.0,253.5,252.75,252.0,251.25,250.5,250.0,249.25,248.5,248.0,247.25,246.5,246.0,245.5,244.75,244.0,243.25,243.0,242.25,241.75,241.25,240.5,240.0,239.25,238.75,238.25,237.5,237.0,236.5,236.0
331.25,329.75,328.0,326.5,325.0,323.25,321.5,320.0,318.5,317.0,315.5,314.0,312.75,311.25,309.75,308.25,307.0,305.5,304.25,303.0,301.75,300.5,299.25,297.75,296.5,295.5,294.25,293.0,291.75,290.75,289.5,288.5,287.25,286.25,285.0,284.0,283.0,282.0,280.75,279.75,278.75,277.75,276.75,275.75,275.0,274.0,273.0,272.0,271.25,270.25,269.25,268.5,267.5,266.75,265.75,265.0,264.25,263.25,262.75,261.75,261.0,260.0,259.25,258.5,257.75,257.0,256.25,255.5,254.75,254.25,253.5,252.5,251.75,251.25,250.5,249.75,249.25,248.5,247.75,247.25,246.5,245.75,245.25,244.5,244.0,243.25,242.75,242.25,241.75,241.0,240.25,239.75,239.25,238.5,238.25,237.5,237.0,236.25,235.75,235.25,234.75
328.75,327.25,325.5,323.75,322.25,320.75,319.0,317.75,316.0,314.75,313.0,311.5,310.25,308.75,307.5,306.0,304.75,303.25,302.0,300.75,299.5,298.25,297.0,296.0,294.5,293.25,292.0,291.0,289.75,288.5,287.5,286.25,285.25,284.25,283.0,282.0,281.0,280.0,279.0,278.0,277.0,276.0,275.0,274.0,273.25,272.25,271.25,270.25,269.5,268.5,267.75,266.75,266.0,265.0,264.25,263.5,262.5,261.75,261.0,260.0,259.25,258.5,257.75,257.0,256.25,255.5,254.75,254.0,253.25,252.75,251.75,251.25,250.5,249.75,249.25,248.5,247.75,247.25,246.5,245.75,245.25,244.5,244.0,243.25,242.75,242.25,241.75,241.0,240.25,239.75,239.25,238.5,238.0,237.5,236.75,236.25,235.75,235.25,234.75,234.0,233.5
326.25,324.5,323.0,321.25,319.75,318.25,316.5,315.0,313.5,312.0,310.75,309.25,307.75,306.5,305.0,303.75,302.5,301.0,299.75,298.5,297.25,296.0,294.75,293.5,292.5,291.25,290.0,288.75,287.75,286.5,285.5,284.5,283.25,282.25,281.25,280.25,279.25,278.0,277.25,276.0,275.25,274.25,273.25,272.25,271.25,270.5,269.5,268.75,267.75,267.0,266.0,265.25,264.25,263.5,262.75,261.75,261.0,260.25,259.5,258.75,257.75,257.0,256.25,255.25,254.75,254.0,253.25,252.75,252.0,251.25,250.5,250.0,249.0,248.5,247.75,247.25,246.5,245.75,245.25,244.5,244.0,243.5,242.75,242.0,241.5,240.75,240.25,239.75,239.0,238.5,238.0,237.25,236.75,236.25,235.75,235.0,234.75,234.0,233.5,233.0,232.5
323.75,322.0,320.5,319.0,317.25,315.75,314.25,312.75,311.25,309.75,308.5,307.0,305.5,304.0,302.75,301.5,300.25,298.75,297.5,296.5,295.0,293.75,292.5,291.5,290.25,289.0,288.0,287.0,285.75,284.5,283.5,282.5,281.25,280.25,279.25,278.25,277.25,276.25,275.5,274.25,273.25,272.5,271.5,270.5,269.5,268.75,267.75,267.0,266.0,265.25,264.25,263.5,262.75,262.0,261.0,260.0,259.5,258.75,258.0,257.0,256.25,255.5,255.0,254.25,253.5,252.5,252.0,251.25,250.5,249.75,249.0,248.5,247.75,247.0,246.5,245.75,245.25,244.5,243.75,243.25,242.75,242.0,241.5,240.75,240.25,239.75,239.0,238.5,237.75,237.25,236.75,236.25,235.5,235.25,234.5,234.0,233.5,233.0,232.5,231.75,231.25
321.0,319.5,318.0,316.5,314.75,313.25,311.75,310.25,309.0,307.5,306.0,304.5,303.25,302.0,300.5,299.25,298.0,296.75,295.5,294.25,293.0,291.75,290.5,289.5,288.25,287.0,286.0,284.75,283.75,282.75,281.5,280.5,279.5,278.5,277.5,276.25,275.5,274.5,273.5,272.75,271.5,270.75,269.75,268.75,268.0,267.0,266.25,265.25,264.5,263.75,262.75,262.0,261.25,260.25,259.5,258.75,258.0,257.25,256.5,255.75,255.0,254.25,253.5,252.75,252.0,251.25,250.5,250.0,249.25,248.5,247.75,247.0,246.5,245.75,245.25,244.5,244.0,243.25,242.75,242.0,241.5,240.75,240.25,239.5,239.0,238.5,238.0,237.25,236.75,236.25,235.75,235.0,234.5,234.0,233.5,233.0,232.25,232.0,231.25,230.75,230.25
318.75,317.25,315.5,314.0,312.25,311.0,309.5,308.0,306.5,305.25,303.75,302.25,301.0,299.75,298.5,297.25,296.0,294.5,293.5,292.0,290.75,289.75,288.5,287.5,286.25,285.25,284.0,283.0,281.75,280.75,279.75,278.75,277.75,276.5,275.75,274.75,273.75,272.75,271.75,270.75,270.0,269.0,268.25,267.25,266.25,265.5,264.5,263.75,263.0,262.25,261.25,260.5,259.5,258.75,258.0,257.25,256.5,255.75,255.0,254.25,253.5,252.75,252.0,251.5,250.75,250.0,249.25,248.5,247.75,247.25,246.5,246.0,245.25,244.5,244.0,243.25,242.75,242.0,241.5,241.0,240.5,239.75,239.0,238.5,238.0,237.5,236.75,236.25,235.75,235.25,234.5,234.0,233.5,233.0,232.25,231.75,231.25,231.0,230.5,229.75,229.25
316.25,314.5,313.0,311.5,310.0,308.5,307.0,305.75,304.25,302.75,301.5,300.0,298.75,297.5,296.25,295.0,293.75,292.5,291.25,290.0,289.0,287.75,286.75,285.5,284.5,283.25,282.25,281.0,280.0,279.0,278.0,276.75,275.75,275.0,274.0,273.0,272.0,271.0,270.0,269.25,268.25,267.5,266.5,265.75,264.75,263.75,263.0,262.0,261.5,260.5,259.75,259.0,258.25,257.25,256.5,255.75,255.0,254.5,253.5,253.0,252.25,251.5,250.75,250.0,249.25,248.75,248.0,247.25,246.75,246.0,245.25,244.75,244.0,243.5,242.75,242.25,241.5,240.75,240.25,239.75,239.0,238.5,238.0,237.25,236.75,236.25,235.5,235.25,234.5,234.0,233.5,233.0,232.5,232.0,231.25,230.75,230.25,229.75,229.25,228.75,228.25
313.5,312.0,310.75,309.0,307.75,306.25,304.75,303.5,302.0,300.75,299.5,298.0,296.75,295.5,294.25,293.0,291.75,290.5,289.25,288.0,287.25,285.75,284.75,283.75,282.5,281.5,280.25,279.25,278.25,277.25,276.25,275.25,274.25,273.25,272.25,271.25,270.5,269.5,268.5,267.75,266.75,265.75,265.0,264.25,263.25,262.5,261.5,260.75,260.0,259.0,258.5,257.5,256.75,256.0,255.25,254.5,253.75,253.0,252.5,251.5,250.75,250.25,249.25,248.75,248.0,247.25,246.75,246.25,245.5,244.75,244.0,243.5,242.75,242.25,241.5,241.0,240.25,239.75,239.25,238.5,238.0,237.5,237.0,236.25,235.75,235.0,234.5,234.0,233.5,233.0,232.5,232.0,231.25,230.75,230.25,229.75,229.25,228.75,228.25,227.75,227.25
311.5,309.75,308.25,306.75,305.5,304.0,302.5,301.25,300.0,298.5,297.25,296.0,294.5,293.5,292.0,290.75,289.75,288.5,287.25,286.25,285.0,283.75,282.75,281.75,280.75,279.5,278.5,277.5,276.5,275.5,274.5,273.5,272.5,271.5,270.5,269.75,268.75,267.75,267.0,266.25,265.25,264.25,263.5,262.5,261.75,261.0,260.0,259.25,258.5,257.75,257.0,256.0,255.5,254.75,254.0,253.0,252.5,251.75,251.0,250.25,249.5,249.0,248.25,247.5,246.75,246.0,245.5,244.75,244.25,243.5,243.0,242.25,241.75,241.0,240.5,240.0,239.25,238.75,238.0,237.5,236.75,236.25,235.75,235.25,234.75,234.25,233.75,233.0,232.5,232.0,231.5,231.0,230.25,230.0,229.25,229.0,228.5,227.75,227.5,227.0,226.5
309.0,307.5,306.0,304.5,303.0,301.75,300.5,299.0,297.75,296.25,295.0,293.75,292.5,291.25,290.0,289.0,287.75,286.5,285.5,284.5,283.25,282.0,281.0,280.0,279.0,278.0,276.75,275.75,274.75,273.75,272.75,271.75,271.0,270.0,269.0,268.0,267.25,266.25,265.5,264.5,263.75,262.75,262.0,261.0,260.25,259.5,258.75,258.0,257.0,256.5,255.5,254.75,254.0,253.25,252.5,252.0,251.0,250.5,249.75,249.0,248.25,247.5,247.0,246.25,245.5,245.0,244.25,243.75,243.0,242.5,241.75,241.25,240.5,240.0,239.5,238.75,238.25,237.5,237.0,236.5,235.75,235.25,234.75,234.0,233.5,233.0,232.5,232.0,231.5,231.0,230.5,230.0,229.5,228.75,228.25,228.0,227.5,227.0,226.5,226.0,225.5
306.75,305.25,303.75,302.5,301.0,299.5,298.25,296.75,295.75,294.5,293.0,291.75,290.5,289.5,288.25,287.0,285.75,284.75,283.5,282.5,281.5,280.25,279.25,278.25,277.0,276.0,275.0,274.0,273.0,272.0,271.25,270.25,269.25,268.5,267.5,266.5,265.75,264.75,264.0,263.0,262.25,261.5,260.5,259.75,259.0,258.25,257.25,256.5,255.75,255.0,254.25,253.5,252.75,252.0,251.25,250.5,250.0,249.25,248.5,247.75,247.25,246.5,245.75,245.25,244.5,243.75,243.25,242.5,242.0,241.25,240.75,240.0,239.5,238.75,238.25,237.75,237.0,236.5,236.0,235.5,234.75,234.25,233.75,233.25,232.75,232.0,231.75,231.0,230.5,230.0,229.5,229.0,228.5,228.0,227.5,227.0,226.5,226.0,225.75,225.25,224.5
304.5,303.0,301.75,300.25,299.0,297.5,296.25,295.0,293.5,292.25,291.0,290.0,288.75,287.5,286.25,285.25,284.0,283.0,281.75,280.75,279.75,278.5,277.5,276.5,275.5,274.5,273.5,272.5,271.5,270.5,269.75,268.75,267.75,267.0,266.0,265.25,264.25,263.25,262.5,261.5,260.75,260.0,259.25,258.25,257.5,256.75,256.0,255.25,254.5,253.75,253.0,252.5,251.5,250.75,250.0,249.25,248.75,248.0,247.25,246.5,246.0,245.25,244.75,244.0,243.5,242.75,242.0,241.5,241.0,240.25,239.5,239.0,238.5,238.0,237.25,236.75,236.0,235.5,235.0,234.5,234.0,233.5,232.75,232.25,231.75,231.0,230.75,230.0,229.5,229.25,228.75,228.0,227.5,227.25,226.75,226.0,225.75,225.25,224.5,224.25,223.75
302.25,300.75,299.5,298.25,296.75,295.5,294.25,293.0,291.5,290.5,289.25,288.0,286.75,285.75,284.5,283.25,282.25,281.0,280.25,279.0,278.0,277.0,275.75,274.75,273.75,273.0,271.75,271.0,270.0,269.0,268.25,267.25,266.25,265.5,264.5,263.75,262.75,262.0,261.0,260.25,259.5,258.5,257.75,257.25,256.25,255.5,254.75,254.0,253.25,252.5,251.75,251.25,250.25,249.5,249.0,248.25,247.5,246.75,246.0,245.5,244.75,244.25,243.5,243.0,242.25,241.75,241.0,240.5,239.75,239.25,238.5,238.25,237.5,236.75,236.25,235.75,235.25,234.5,234.0,233.5,233.0,232.5,231.75,231.25,230.75,230.25,229.75,229.25,228.75,228.25,227.75,227.25,226.75,226.25,225.75,225.25,224.75,224.25,224.0,223.5,223.0
300.0,298.75,297.5,296.25,294.75,293.5,292.25,291.0,289.75,288.5,287.5,286.25,285.0,284.0,282.75,281.75,280.5,279.5,278.5,277.5,276.25,275.25,274.25,273.25,272.25,271.25,270.25,269.5,268.5,267.5,266.75,266.0,264.75,264.0,263.25,262.25,261.5,260.75,259.75,259.0,258.25,257.5,256.75,255.75,255.0,254.25,253.5,252.75,252.0,251.25,250.75,249.75,249.25,248.5,247.75,247.0,246.5,245.75,245.0,244.25,243.75,243.0,242.5,241.75,241.25,240.5,240.0,239.5,238.75,238.25,237.75,237.0,236.5,235.75,235.25,234.75,234.25,233.75,233.0,232.5,232.0,231.5,231.0,230.5,230.0,229.5,228.75,228.5,228.0,227.25,227.0,226.5,226.0,225.25,225.0,224.5,224.0,223.5,223.0,222.5,222.25
298.25,296.75,295.5,294.25,293.0,291.75,290.25,289.0,288.0,286.75,285.5,284.5,283.25,282.25,281.0,280.0,278.75,277.75,276.75,275.75,274.75,273.75,272.75,271.75,270.75,269.75,269.0,268.0,267.0,266.0,265.25,264.5,263.5,262.75,261.75,261.0,260.0,259.25,258.5,257.75,256.75,256.0,255.25,254.5,253.75,253.0,252.25,251.5,250.75,250.0,249.5,248.75,248.0,247.25,246.75,246.0,245.25,244.75,244.0,243.25,242.75,242.25,241.5,240.75,240.25,239.5,239.0,238.25,237.75,237.25,236.75,236.0,235.5,235.0,234.5,233.75,233.25,232.75,232.25,231.75,231.0,230.5,230.0,229.5,229.0,228.5,228.0,227.5,227.0,226.5,226.0,225.5,225.0,224.75,224.25,223.75,223.25,222.75,222.25,221.75,221.25
296.25,294.75,293.75,292.25,291.0,289.75,288.5,287.25,286.0,285.0,283.75,282.75,281.5,280.5,279.5,278.25,277.25,276.25,275.25,274.25,273.25,272.25,271.25,270.25,269.25,268.25,267.5,266.5,265.75,264.75,264.0,263.0,262.0,261.25,260.25,259.75,258.75,258.0,257.25,256.5,255.5,255.0,254.25,253.5,252.5,252.0,251.0,250.25,249.75,249.0,248.25,247.5,247.0,246.25,245.5,245.0,244.25,243.5,243.0,242.25,241.75,241.0,240.5,240.0,239.25,238.5,238.0,237.5,237.0,236.25,235.75,235.25,234.5,234.0,233.5,233.0,232.5,231.75,231.25,230.75,230.0,229.75,229.25,228.75,228.25,227.75,227.25,226.75,226.25,225.75,225.25,224.75,224.25,223.75,223.25,223.0,222.5,222.0,221.5,221.0,220.5
294.25,293.0,291.75,290.25,289.0,288.0,286.75,285.5,284.5,283.25,282.0,281.0,280.0,278.75,277.75,276.75,275.75,274.75,273.75,272.75,271.75,270.75,269.75,268.75,267.75,267.0,266.0,265.25,264.25,263.5,262.5,261.75,260.75,260.0,259.25,258.25,257.5,256.75,256.0,255.25,254.5,253.75,253.0,252.25,251.5,250.75,250.0,249.25,248.5,247.75,247.25,246.5,246.0,245.25,244.5,243.75,243.25,242.5,242.0,241.25,240.5,240.0,239.5,239.0,238.25,237.75,237.25,236.5,236.0,235.25,234.75,234.25,233.75,233.25,232.5,232.0,231.5,231.0,230.5,230.0,229.5,228.75,228.25,227.75,227.5,227.0,226.5,226.0,225.5,225.0,224.5,224.0,223.5,223.0,222.5,222.25,221.75,221.25,220.75,220.25,220.0
292.5,291.0,289.75,288.75,287.5,286.25,285.0,283.75,282.75,281.5,280.5,279.5,278.25,277.25,276.25,275.0,274.25,273.25,272.25,271.25,270.25,269.25,268.5,267.5,266.5,265.5,264.75,263.75,263.0,262.0,261.25,260.5,259.5,258.75,258.0,257.25,256.25,255.5,254.75,254.0,253.25,252.5,251.75,251.0,250.25,249.5,249.0,248.25,247.5,247.0,246.25,245.5,244.75,244.25,243.5,243.0,242.25,241.75,241.0,240.5,239.75,239.25,238.5,238.0,237.5,236.75,236.25,235.75,235.0,234.5,234.0,233.5,232.75,232.25,231.75,231.25,230.75,230.25,229.75,229.25,228.5,228.0,227.75,227.25,226.5,226.0,225.75,225.0,224.75,224.25,223.75,223.25,222.75,222.25,222.0,221.5,221.0,220.5,220.0,219.75,219.25
290.5,289.25,288.0,286.75,285.75,284.5,283.25,282.25,281.0,280.0,279.0,277.75,276.75,275.75,274.75,273.75,272.75,271.75,270.75,269.75,268.75,267.75,267.0,266.0,265.0,264.25,263.25,262.5,261.75,260.75,260.0,259.25,258.5,257.5,256.75,256.0,255.25,254.5,253.5,252.75,252.25,251.5,250.75,250.0,249.25,248.5,247.75,247.25,246.5,245.75,245.0,244.5,243.75,243.25,242.5,241.75,241.25,240.75,240.0,239.5,238.75,238.25,237.5,237.0,236.5,235.75,235.25,234.75,234.25,233.5,233.0,232.5,232.0,231.5,230.75,230.25,229.75,229.25,228.75,228.25,227.75,227.25,226.75,226.25,225.75,225.25,224.75,224.25,224.0,223.5,223.0,222.5,222.0,221.5,221.25,220.75,220.25,219.75,219.5,219.0,218.5
288.75,287.5,286.5,285.25,284.0,282.75,281.75,280.75,279.5,278.5,277.25,276.25,275.25,274.25,273.25,272.25,271.25,270.25,269.25,268.5,267.5,266.5,265.75,264.75,263.75,263.0,262.25,261.25,260.5,259.5,258.75,258.0,257.25,256.25,255.5,254.75,254.0,253.25,252.5,251.75,251.0,250.5,249.75,249.0,248.25,247.5,246.75,246.25,245.5,244.75,244.25,243.5,242.75,242.25,241.5,241.0,240.25,239.75,239.0,238.5,238.0,237.25,236.75,236.25,235.5,235.0,234.5,234.0,233.25,232.75,232.25,231.75,231.25,230.75,230.0,229.5,229.0,228.5,228.0,227.5,227.0,226.5,226.0,225.5,225.0,224.75,224.0,223.75,223.25,222.75,222.25,221.75,221.5,221.0,220.5,220.25,219.5,219.25,218.75,218.25,218.0
287.0,286.0,284.75,283.5,282.25,281.25,280.25,279.0,278.0,277.0,275.75,274.75,273.75,272.75,271.75,270.75,269.75,268.75,268.0,267.0,266.0,265.25,264.25,263.25,262.5,261.75,261.0,260.0,259.25,258.25,257.5,256.75,256.0,255.25,254.5,253.5,253.0,252.25,251.25,250.75,250.0,249.25,248.5,247.75,247.25,246.5,245.75,245.0,244.5,243.75,243.25,242.5,241.75,241.25,240.75,240.0,239.5,238.75,238.25,237.75,237.0,236.5,235.75,235.25,234.75,234.25,233.75,233.0,232.5,232.0,231.5,231.0,230.25,230.0,229.25,228.75,228.25,227.75,227.25,226.75,226.25,225.75,225.25,225.0,224.5,224.0,223.5,223.0,222.5,222.25,221.75,221.25,220.75,220.25,219.75,219.25,219.0,218.5,218.0,217.5,217.25
285.5,284.25,283.0,282.0,280.75,279.75,278.5,277.5,276.5,275.5,274.5,273.25,272.25,271.5,270.25,269.5,268.5,267.5,266.75,265.75,264.75,264.0,263.0,262.25,261.25,260.5,259.75,259.0,258.0,257.25,256.5,255.5,255.0,254.0,253.25,252.5,251.75,251.0,250.25,249.75,249.0,248.25,247.5,246.75,246.25,245.5,244.75,244.25,243.5,242.75,242.25,241.75,241.0,240.5,239.75,239.25,238.5,238.0,237.5,236.75,236.0,235.5,235.0,234.5,234.0,233.25,232.75,232.25,231.75,231.25,230.75,230.0,229.5,229.0,228.5,228.0,227.5,227.0,226.5,226.0,225.5,225.25,224.75,224.25,223.75,223.25,222.75,222.25,221.75,221.25,221.0,220.5,220.0,219.5,219.25,218.75,218.25,217.75,217.5,217.0,216.5
283.75,282.75,281.5,280.5,279.25,278.25,277.0,276.0,275.0,274.0,273.0,272.0,271.0,270.0,269.0,268.25,267.25,266.25,265.5,264.5,263.5,262.75,262.0,261.0,260.25,259.25,258.5,257.75,256.75,256.0,255.5,254.5,253.75,253.0,252.25,251.5,250.75,250.0,249.25,248.75,248.0,247.25,246.75,246.0,245.25,244.5,244.0,243.25,242.75,242.0,241.25,240.75,240.25,239.5,239.0,238.25,237.75,237.25,236.5,236.0,235.5,234.75,234.25,233.75,233.25,232.5,232.0,231.5,231.0,230.5,230.0,229.25,229.0,228.25,227.75,227.25,226.75,226.5,226.0,225.25,224.75,224.5,224.0,223.5,223.25,222.5,222.0,221.75,221.25,220.75,220.25,219.75,219.5,219.0,218.5,218.0,217.75,217.25,217.0,216.5,216.0
282.25,281.25,280.0,278.75,277.75,276.75,275.75,274.75,273.5,272.5,271.5,270.75,269.75,268.75,267.75,267.0,266.0,265.0,264.25,263.25,262.5,261.5,260.75,259.75,259.0,258.25,257.25,256.5,255.75,255.0,254.25,253.5,252.75,252.0,251.25,250.5,249.75,249.0,248.5,247.75,247.0,246.25,245.5,245.0,244.25,243.75,243.0,242.25,241.75,241.25,240.5,240.0,239.25,238.75,238.0,237.5,236.75,236.25,235.75,235.25,234.5,234.0,233.5,233.0,232.25,231.75,231.25,230.75,230.25,229.5,229.25,228.75,228.25,227.75,227.25,226.75,226.25,225.75,225.25,224.75,224.25,223.75,223.25,222.75,222.25,222.0,221.5,221.0,220.5,220.0,219.75,219.25,218.75,218.5,218.0,217.5,217.0,216.75,216.25,215.75,215.5
280.75,279.75,278.5,277.5,276.5,275.25,274.25,273.25,272.25,271.25,270.25,269.25,268.5,267.5,266.5,265.5,264.75,263.75,263.0,262.0,261.25,260.5,259.5,258.75,258.0,257.0,256.25,255.5,254.75,254.0,253.25,252.5,251.75,251.0,250.25,249.5,249.0,248.25,247.5,246.75,246.0,245.5,244.75,244.0,243.5,242.75,242.0,241.5,240.75,240.25,239.75,239.0,238.5,237.75,237.25,236.5,236.0,235.5,234.75,234.25,233.75,233.25,232.75,232.0,231.5,231.0,230.5,230.0,229.5,229.0,228.5,228.0,227.5,227.0,226.5,226.0,225.5,225.0,224.5,224.0,223.5,223.25,222.75,222.25,221.75,221.25,220.75,220.5,220.0,219.5,219.0,218.75,218.25,217.75,217.25,217.0,216.5,216.25,215.75,215.5,215.0
279.25,278.25,277.0,276.0,275.0,274.0,273.0,272.0,271.0,270.0,269.25,268.0,267.25,266.25,265.25,264.5,263.5,262.75,261.75,261.0,260.0,259.25,258.5,257.75,256.75,256.0,255.25,254.5,253.75,253.0,252.25,251.5,250.75,250.0,249.25,248.5,248.0,247.25,246.5,245.75,245.25,244.5,244.0,243.25,242.5,242.0,241.25,240.5,240.0,239.5,238.75,238.25,237.5,237.0,236.5,235.75,235.25,234.75,234.25,233.5,233.0,232.5,232.0,231.5,231.0,230.5,229.75,229.25,228.75,228.25,227.75,227.25,226.75,226.25,225.75,225.25,224.75,224.25,223.75,223.5,223.0,222.5,222.0,221.5,221.0,220.75,220.25,219.75,219.25,219.0,218.5,218.0,217.75,217.25,216.75,216.5,216.0,215.5,215.25,214.75,214.5
278.0,277.0,275.75,274.75,273.75,272.5,271.75,270.75,269.75,268.75,267.75,266.75,266.0,265.0,264.0,263.25,262.5,261.5,260.75,259.75,259.0,258.25,257.5,256.5,255.75,255.0,254.25,253.5,252.75,252.0,251.25,250.5,249.75,249.0,248.25,247.75,247.0,246.25,245.5,245.0,244.25,243.5,243.0,242.25,241.75,241.0,240.5,239.75,239.25,238.5,238.0,237.5,237.0,236.25,235.75,235.0,234.5,234.0,233.5,232.75,232.25,231.75,231.25,230.75,230.25,229.75,229.25,228.75,228.25,227.5,227.0,226.75,226.25,225.5,225.25,224.75,224.25,223.75,223.25,222.75,222.25,221.75,221.5,221.0,220.5,220.0,219.75,219.25,218.75,218.25,218.0,217.5,217.0,216.75,216.25,215.75,215.5,215.0,214.5,214.25,213.75
276.5,275.5,274.5,273.25,272.5,271.5,270.25,269.5,268.5,267.5,266.5,265.75,264.75,264.0,263.0,262.0,261.25,260.5,259.5,258.75,258.0,257.25,256.25,255.5,254.75,254.0,253.25,252.5,251.75,251.0,250.25,249.5,248.75,248.0,247.5,246.75,246.0,245.5,244.75,244.0,243.5,242.75,242.25,241.5,240.75,240.25,239.5,239.0,238.5,237.75,237.25,236.5,236.0,235.5,235.0,234.25,233.75,233.25,232.75,232.25,231.5,231.0,230.5,230.0,229.5,229.0,228.5,228.0,227.5,227.0,226.5,226.0,225.5,225.0,224.5,224.0,223.5,223.0,222.75,222.25,221.75,221.25,220.75,220.5,220.0,219.5,219.0,218.75,218.25,217.75,217.25,217.0,216.5,216.25,215.75,215.25,215.0,214.5,214.25,213.75,213.25
275.25,274.0,273.0,272.0,271.25,270.0,269.25,268.25,267.25,266.25,265.5,264.5,263.75,262.75,261.75,261.0,260.25,259.25,258.5,257.75,256.75,256.0,255.25,254.5,253.75,253.0,252.25,251.5,250.75,250.0,249.25,248.75,248.0,247.25,246.5,246.0,245.25,244.5,243.75,243.25,242.5,242.0,241.25,240.75,240.0,239.5,238.75,238.25,237.75,237.0,236.5,235.75,235.25,234.75,234.25,233.75,233.0,232.5,232.0,231.5,231.0,230.5,229.75,229.25,228.75,228.25,227.75,227.25,226.75,226.25,225.75,225.25,224.75,224.5,224.0,223.5,223.0,222.5,222.0,221.5,221.25,220.75,220.25,219.75,219.5,219.0,218.5,218.0,217.75,217.25,216.75,216.25,216.0,215.75,215.25,214.75,214.5,214.0,213.5,213.25,212.75
273.75,272.75,271.75,270.75,270.0,268.75,268.0,267.0,266.0,265.25,264.25,263.5,262.5,261.75,260.75,260.0,259.0,258.25,257.5,256.75,255.75,255.25,254.25,253.5,252.75,252.0,251.25,250.5,249.75,249.25,248.5,247.75,247.0,246.5,245.75,245.0,244.5,243.75,243.0,242.5,241.75,241.25,240.5,240.0,239.25,238.75,238.0,237.5,236.75,236.25,235.75,235.0,234.5,234.0,233.5,233.0,232.5,231.75,231.25,230.75,230.25,229.75,229.25,228.75,228.25,227.75,227.25,226.75,226.25,225.75,225.25,224.75,224.25,223.75,223.5,222.75,222.5,222.0,221.5,221.0,220.5,220.25,219.75,219.25,219.0,218.5,218.0,217.5,217.25,216.75,216.25,216.0,215.5,215.0,214.75,214.25,214.0,213.5,213.0,212.75,212.25
272.5,271.5,270.5,269.75,268.75,267.75,266.75,266.0,265.0,264.0,263.0,262.25,261.5,260.5,259.75,259.0,258.0,257.25,256.5,255.75,255.0,254.25,253.5,252.5,251.75,251.0,250.5,249.75,249.0,248.25,247.5,247.0,246.25,245.5,245.0,244.25,243.5,243.0,242.25,241.5,241.0,240.25,239.75,239.25,238.5,238.0,237.25,236.75,236.25,235.5,235.0,234.5,234.0,233.25,232.75,232.25,231.75,231.25,230.75,230.0,229.75,229.0,228.5,228.25,227.5,227.0,226.5,226.0,225.5,225.0,224.5,224.25,223.75,223.25,222.75,222.25,221.75,221.5,221.0,220.5,220.0,219.75,219.25,218.75,218.25,218.0,217.5,217.0,216.75,216.25,215.75,215.5,215.0,214.75,214.25,213.75,213.5,213.0,212.75,212.25,212.0
271.5,270.25,269.5,268.5,267.5,266.5,265.75,264.75,263.75,263.0,262.0,261.25,260.5,259.5,258.75,258.0,257.0,256.25,255.5,254.75,254.0,253.25,252.5,251.75,251.0,250.25,249.5,248.75,248.0,247.5,246.75,246.0,245.5,244.75,244.0,243.5,242.75,242.0,241.5,241.0,240.25,239.75,239.0,238.5,237.75,237.25,236.75,236.0,235.5,235.0,234.25,233.75,233.25,232.75,232.25,231.5,231.0,230.5,230.0,229.5,229.0,228.5,228.0,227.5,227.0,226.5,226.0,225.5,225.0,224.5,224.0,223.5,223.25,222.75,222.25,221.75,221.25,220.75,220.5,220.0,219.5,219.0,218.75,218.25,217.75,217.5,217.0,216.5,216.25,215.75,215.5,215.0,214.5,214.25,213.75,213.25,213.0,212.5,212.25,211.75,211.5
270.25,269.25,268.25,267.25,266.5,265.5,264.5,263.75,262.75,262.0,261.0,260.25,259.5,258.5,257.75,257.0,256.0,255.25,254.5,253.75,253.0,252.25,251.5,250.75,250.0,249.5,248.75,248.0,247.25,246.5,246.0,245.25,244.5,244.0,243.25,242.5,242.0,241.25,240.75,240.0,239.5,239.0,238.25,237.75,237.25,236.5,236.0,235.25,234.75,234.25,233.75,233.0,232.5,232.0,231.5,231.0,230.5,230.0,229.25,229.0,228.25,228.0,227.5,227.0,226.5,226.0,225.5,225.0,224.5,224.0,223.5,223.0,222.75,222.25,221.75,221.25,220.75,220.25,220.0,219.5,219.0,218.5,218.25,217.75,217.5,217.0,216.5,216.0,215.75,215.25,215.0,214.5,214.0,213.75,213.25,213.0,212.5,212.25,211.75,211.5,211.0
269.0,268.0,267.0,266.25,265.25,264.5,263.5,262.5,261.75,261.0,260.0,259.25,258.5,257.5,256.75,256.0,255.25,254.5,253.75,253.0,252.25,251.5,250.75,250.0,249.25,248.5,247.75,247.0,246.5,245.75,245.0,244.5,243.75,243.25,242.5,241.75,241.25,240.5,240.0,239.25,238.75,238.25,237.5,237.0,236.5,235.75,235.25,234.75,234.25,233.5,233.0,232.5,232.0,231.5,231.0,230.25,229.75,229.5,228.75,228.25,227.75,227.25,226.75,226.25,225.75,225.25,224.75,224.25,224.0,223.5,223.0,222.5,222.0,221.75,221.25,220.75,220.25,219.75,219.5,219.0,218.5,218.25,217.75,217.25,216.75,216.5,216.0,215.75,215.25,214.75,214.5,214.0,213.75,213.25,213.0,212.5,212.25,211.75,211.5,211.0,210.75
267.75,267.0,266.0,265.0,264.25,263.25,262.5,261.5,260.75,260.0,259.0,258.25,257.5,256.5,255.75,255.0,254.25,253.5,252.75,252.0,251.25,250.5,249.75,249.0,248.25,247.75,247.0,246.25,245.75,245.0,244.25,243.75,243.0,242.25,241.75,241.0,240.5,239.75,239.25,238.75,238.0,237.5,237.0,236.25,235.75,235.25,234.5,234.0,233.5,233.0,232.5,231.75,231.25,230.75,230.25,229.75,229.25,228.75,228.25,227.75,227.25,226.75,226.25,225.75,225.25,224.75,224.25,224.0,223.5,223.0,222.5,222.0,221.5,221.25,220.75,220.25,219.75,219.5,219.0,218.5,218.25,217.75,217.25,216.75,216.5,216.0,215.75,215.25,214.75,214.5,214.0,213.75,213.25,212.75,212.5,212.0,211.75,211.25,211.0,210.5,210.25
266.75,266.0,265.0,264.0,263.25,262.25,261.5,260.5,259.75,259.0,258.0,257.25,256.5,255.75,255.0,254.25,253.25,252.75,251.75,251.0,250.5,249.75,249.0,248.25,247.75,247.0,246.25,245.5,245.0,244.25,243.5,243.0,242.25,241.75,241.0,240.5,239.75,239.25,238.5,238.0,237.25,236.75,236.25,235.5,235.0,234.5,234.0,233.5,232.75,232.25,231.75,231.25,230.75,230.25,229.75,229.25,228.75,228.25,227.75,227.25,226.75,226.25,225.75,225.25,224.75,224.25,223.75,223.25,223.0,222.5,222.0,221.5,221.0,220.75,220.25,219.75,219.25,219.0,218.5,218.0,217.75,217.25,216.75,216.5,216.0,215.5,215.25,214.75,214.25,214.0,213.75,213.25,212.75,212.5,212.0,211.75,211.25,211.0,210.5,210.25,209.75
265.75,264.75,264.0,263.0,262.25,261.25,260.5,259.5,258.75,258.0,257.25,256.25,255.5,255.0,254.0,253.25,252.5,251.75,251.0,250.25,249.5,249.0,248.25,247.5,246.75,246.0,245.5,244.75,244.25,243.5,242.75,242.25,241.5,241.0,240.25,239.75,239.0,238.5,238.0,237.25,236.75,236.25,235.5,235.0,234.5,234.0,233.25,232.75,232.25,231.75,231.25,230.75,230.25,229.75,229.25,228.5,228.25,227.75,227.25,226.75,226.25,225.75,225.25,224.75,224.25,223.75,223.25,222.75,222.5,222.0,221.5,221.0,220.5,220.25,219.75,219.25,219.0,218.5,218.0,217.5,217.25,216.75,216.5,216.0,215.75,215.25,214.75,214.5,214.0,213.5,213.25,212.75,212.5,212.0,211.75,211.25,211.0,210.5,210.25,210.0,209.5
264.75,263.75,263.0,262.0,261.25,260.25,259.5,258.75,257.75,257.0,256.25,255.5,254.75,253.75,253.25,252.5,251.75,251.0,250.25,249.5,248.75,248.0,247.5,246.75,246.0,245.25,244.75,244.0,243.5,242.75,242.25,241.5,241.0,240.25,239.75,239.0,238.5,237.75,237.25,236.75,236.0,235.5,235.0,234.5,234.0,233.25,232.75,232.25,231.75,231.25,230.75,230.25,229.5,229.25,228.5,228.25,227.5,227.0,226.5,226.25,225.75,225.25,224.75,224.25,223.75,223.25,222.75,222.5,222.0,221.5,221.0,220.5,220.25,219.75,219.25,219.0,218.5,218.0,217.75,217.25,216.75,216.5,216.0,215.5,215.25,214.75,214.5,214.0,213.5,213.25,212.75,212.5,212.0,211.75,211.25,211.0,210.5,210.25,209.75,209.5,209.25
263.75,262.75,262.0,261.0,260.25,259.5,258.5,257.75,257.0,256.25,255.25,254.75,253.75,253.0,252.25,251.5,251.0,250.25,249.5,248.75,248.0,247.25,246.75,246.0,245.25,244.75,244.0,243.25,242.75,242.0,241.5,240.75,240.25,239.75,239.0,238.5,237.75,237.25,236.75,236.0,235.5,235.0,234.25,233.75,233.25,232.75,232.25,231.75,231.25,230.5,230.0,229.5,229.0,228.5,228.0,227.5,227.0,226.5,226.0,225.75,225.0,224.75,224.25,223.75,223.25,222.75,222.25,222.0,221.5,221.0,220.5,220.25,219.75,219.25,218.75,218.5,218.0,217.5,217.25,216.75,216.5,216.0,215.75,215.25,214.75,214.25,214.0,213.5,213.25,212.75,212.5,212.0,211.75,211.25,211.0,210.5,210.25,209.75,209.5,209.25,208.75
262.75,261.75,261.0,260.0,259.25,258.5,257.75,257.0,256.0,255.25,254.5,253.75,253.0,252.25,251.5,250.75,250.0,249.25,248.75,248.0,247.25,246.5,246.0,245.25,244.75,244.0,243.25,242.75,242.0,241.5,240.75,240.25,239.5,239.0,238.5,237.75,237.25,236.75,236.0,235.5,235.0,234.25,233.75,233.25,232.75,232.25,231.75,231.0,230.5,230.0,229.5,229.0,228.5,228.0,227.5,227.0,226.5,226.0,225.75,225.25,224.75,224.25,223.75,223.25,222.75,222.5,222.0,221.5,221.0,220.5,220.25,219.75,219.25,219.0,218.5,218.0,217.75,217.25,216.75,216.5,216.0,215.5,215.25,214.75,214.5,214.0,213.5,213.25,212.75,212.5,212.0,211.75,211.25,211.0,210.75,210.25,210.0,209.5,209.25,208.75,208.5
261.75,261.0,260.0,259.25,258.5,257.75,256.75,256.0,255.25,254.5,253.75,253.0,252.25,251.5,250.75,250.0,249.25,248.5,248.0,247.25,246.5,246.0,245.25,244.5,244.0,243.25,242.5,242.0,241.5,240.75,240.25,239.5,239.0,238.25,237.75,237.25,236.5,236.0,235.5,235.0,234.25,233.75,233.25,232.75,232.25,231.75,231.25,230.5,230.0,229.5,229.0,228.5,228.0,227.5,227.0,226.5,226.25,225.75,225.25,224.75,224.25,223.75,223.25,222.75,222.5,222.0,221.5,221.0,220.75,220.25,219.75,219.25,219.0,218.5,218.0,217.75,217.25,216.75,216.5,216.0,215.75,215.25,214.75,214.5,214.0,213.75,213.25,213.0,212.5,212.25,211.75,211.5,211.0,210.75,210.25,210.0,209.75,209.25,209.0,208.5,208.25
260.75,260.0,259.25,258.25,257.5,256.75,256.0,255.25,254.5,253.5,253.0,252.25,251.5,250.75,250.0,249.25,248.5,247.75,247.25,246.5,245.75,245.25,244.5,244.0,243.25,242.5,242.0,241.25,240.75,240.0,239.5,239.0,238.25,237.75,237.25,236.5,236.0,235.5,235.0,234.25,233.75,233.25,232.75,232.25,231.75,231.25,230.5,230.0,229.5,229.0,228.5,228.0,227.5,227.0,226.5,226.25,225.75,225.25,224.75,224.25,223.75,223.25,223.0,222.5,222.0,221.5,221.0,220.75,220.25,219.75,219.5,219.0,218.5,218.0,217.75,217.25,216.75,216.5,216.0,215.75,215.25,215.0,214.5,214.0,213.75,213.25,213.0,212.5,212.25,211.75,211.5,211.0,210.75,210.5,210.0,209.75,209.25,209.0,208.75,208.25,208.0
260.0,259.0,258.25,257.5,256.75,256.0,255.25,254.25,253.5,253.0,252.25,251.5,250.75,250.0,249.25,248.5,247.75,247.25,246.5,245.75,245.25,244.5,243.75,243.25,242.5,242.0,241.25,240.75,240.25,239.5,239.0,238.25,237.75,237.25,236.5,236.0,235.5,235.0,234.25,233.75,233.25,232.75,232.25,231.75,231.0,230.75,230.0,229.5,229.0,228.5,228.25,227.75,227.0,226.75,226.25,225.75,225.25,224.75,224.25,223.75,223.25,223.0,222.5,222.0,221.5,221.25,220.75,220.25,219.75,219.5,219.0,218.5,218.25,217.75,217.25,217.0,216.5,216.0,215.75,215.25,215.0,214.5,214.25,213.75,213.5,213.0,212.75,212.25,212.0,211.5,211.25,210.75,210.5,210.0,209.75,209.25,209.0,208.75,208.25,208.0,207.75
259.0,258.25,257.5,256.75,256.0,255.0,254.25,253.75,252.75,252.0,251.25,250.75,250.0,249.25,248.5,247.75,247.25,246.5,245.75,245.25,244.5,243.75,243.25,242.5,242.0,241.25,240.75,240.25,239.5,239.0,238.25,237.75,237.25,236.75,236.0,235.5,235.0,234.25,233.75,233.25,232.75,232.25,231.75,231.25,230.75,230.25,229.75,229.25,228.5,228.25,227.75,227.25,226.75,226.25,225.75,225.25,224.75,224.25,224.0,223.5,223.0,222.5,222.0,221.75,221.25,220.75,220.25,220.0,219.5,219.0,218.75,218.25,217.75,217.5,217.0,216.5,216.25,215.75,215.5,215.0,214.75,214.25,213.75,213.5,213.0,212.75,212.25,212.0,211.75,211.25,211.0,210.5,210.25,209.75,209.5,209.25,208.75,208.5,208.0,207.75,207.5
258.25,257.5,256.75,255.75,255.0,254.25,253.5,252.75,252.0,251.25,250.75,250.0,249.25,248.5,248.0,247.25,246.5,246.0,245.25,244.5,244.0,243.25,242.75,242.0,241.5,240.75,240.25,239.5,239.0,238.25,237.75,237.25,236.75,236.0,235.5,235.0,234.5,234.0,233.25,232.75,232.25,231.75,231.25,230.75,230.25,229.75,229.25,228.75,228.25,227.75,227.25,226.75,226.25,225.75,225.25,224.75,224.5,224.0,223.5,223.0,222.5,222.25,221.75,221.25,220.75,220.5,220.0,219.5,219.25,218.75,218.25,218.0,217.5,217.0,216.75,216.25,216.0,215.5,215.0,214.75,214.25,214.0,213.5,213.25,212.75,212.5,212.0,211.75,211.25,211.0,210.75,210.25,210.0,209.5,209.25,209.0,208.5,208.25,207.75,207.5,207.25
257.5,256.75,255.75,255.0,254.25,253.5,252.75,252.0,251.25,250.75,250.0,249.25,248.5,247.75,247.25,246.5,245.75,245.25,244.5,244.0,243.25,242.75,242.0,241.5,240.75,240.25,239.5,239.0,238.5,237.75,237.25,236.75,236.25,235.5,235.0,234.5,234.0,233.5,233.0,232.5,232.0,231.25,230.75,230.25,229.75,229.25,228.75,228.25,227.75,227.25,226.75,226.25,225.75,225.5,225.0,224.5,224.0,223.5,223.0,222.75,222.25,221.75,221.25,221.0,220.5,220.0,219.75,219.25,218.75,218.5,218.0,217.5,217.25,216.75,216.5,216.0,215.5,215.25,214.75,214.5,214.0,213.75,213.25,213.0,212.5,212.25,211.75,211.5,211.25,210.75,210.5,210.0,209.75,209.25,209.0,208.75,208.25,208.0,207.75,207.25,207.0
256.75,255.75,255.0,254.25,253.5,252.75,252.0,251.25,250.75,250.0,249.25,248.5,248.0,247.25,246.5,245.75,245.25,244.5,244.0,243.25,242.75,242.0,241.5,240.75,240.25,239.5,239.0,238.5,237.75,237.25,236.75,236.25,235.5,235.0,234.5,234.0,233.5,233.0,232.25,231.75,231.25,230.75,230.25,229.75,229.25,228.75,228.25,227.75,227.25,227.0,226.5,226.0,225.5,225.0,224.5,224.25,223.75,223.25,222.75,222.5,222.0,221.5,221.0,220.75,220.25,219.75,219.25,219.0,218.5,218.0,217.75,217.25,217.0,216.5,216.0,215.75,215.25,215.0,214.5,214.25,213.75,213.5,213.0,212.75,212.25,212.0,211.5,211.25,210.75,210.5,210.25,209.75,209.5,209.25,208.75,208.5,208.0,207.75,207.5,207.0,206.75
255.75,255.0,254.25,253.5,252.75,252.0,251.5,250.75,250.0,249.25,248.5,248.0,247.25,246.5,246.0,245.25,244.5,244.0,243.25,242.75,242.0,241.5,240.75,240.25,239.75,239.0,238.5,238.0,237.25,236.75,236.25,235.75,235.0,234.5,234.0,233.5,233.0,232.5,232.0,231.5,231.0,230.25,230.0,229.5,229.0,228.5,228.0,227.5,227.0,226.5,226.0,225.5,225.0,224.75,224.25,223.75,223.25,222.75,222.5,222.0,221.5,221.0,220.75,220.25,219.75,219.5,219.0,218.75,218.25,217.75,217.5,217.0,216.5,216.25,215.75,215.5,215.0,214.75,214.25,214.0,213.5,213.25,213.0,212.5,212.25,211.75,211.25,211.0,210.75,210.25,210.0,209.5,209.25,209.0,208.5,208.25,208.0,207.5,207.25,207.0,206.5
255.0,254.25,253.5,253.0,252.25,251.5,250.75,250.0,249.25,248.75,248.0,247.25,246.5,246.0,245.25,244.75,244.0,243.5,242.75,242.25,241.5,241.0,240.25,239.75,239.25,238.5,238.0,237.5,237.0,236.25,235.75,235.25,234.75,234.25,233.5,233.0,232.5,232.0,231.5,231.0,230.5,230.0,229.5,229.0,228.5,228.0,227.5,227.0,226.5,226.25,225.75,225.25,224.75,224.25,223.75,223.5,223.0,222.5,222.0,221.75,221.25,220.75,220.5,220.0,219.5,219.25,218.75,218.25,218.0,217.5,217.25,216.75,216.25,216.0,215.5,215.25,214.75,214.5,214.0,213.75,213.25,213.0,212.5,212.25,211.75,211.5,211.25,210.75,210.5,210.25,209.75,209.5,209.0,208.75,208.5,208.0,207.75,207.5,207.0,206.75,206.5
254.25,253.75,253.0,252.25,251.5,250.75,250.0,249.5,248.75,248.0,247.25,246.75,246.0,245.25,244.75,244.0,243.5,242.75,242.25,241.5,241.0,240.5,239.75,239.25,238.75,238.0,237.5,237.0,236.5,235.75,235.25,234.75,234.25,233.75,233.25,232.75,232.0,231.5,231.0,230.5,230.0,229.5,229.0,228.75,228.25,227.75,227.25,226.75,226.25,225.75,225.25,225.0,224.5,224.0,223.5,223.0,222.75,222.25,221.75,221.25,221.0,220.5,220.0,219.75,219.25,219.0,218.5,218.0,217.75,217.25,217.0,216.5,216.0,215.75,215.25,215.0,214.5,214.25,213.75,213.5,213.0,212.75,212.5,212.0,211.75,211.25,211.0,210.75,210.25,210.0,209.5,209.25,209.0,208.5,208.25,208.0,207.5,207.25,207.0,206.5,206.25
253.75,253.0,252.25,251.5,250.75,250.0,249.5,248.75,248.0,247.5,246.75,246.0,245.5,244.75,244.25,243.5,243.0,242.25,241.75,241.0,240.5,240.0,239.25,238.75,238.25,237.5,237.0,236.5,236.0,235.5,234.75,234.25,233.75,233.25,232.75,232.25,231.75,231.25,230.75,230.25,229.75,229.25,228.75,228.25,227.75,227.25,226.75,226.5,226.0,225.5,225.0,224.5,224.0,223.75,223.25,222.75,222.25,222.0,221.5,221.0,220.75,220.25,219.75,219.5,219.0,218.75,218.25,217.75,217.5,217.0,216.75,216.25,216.0,215.5,215.25,214.75,214.5,214.0,213.75,213.25,213.0,212.5,212.25,211.75,211.5,211.25,210.75,210.5,210.25,209.75,209.5,209.0,208.75,208.5,208.0,207.75,207.5,207.25,206.75,206.5,206.25
253.0,252.25,251.5,251.0,250.25,249.5,248.75,248.25,247.5,246.75,246.25,245.5,245.0,244.25,243.5,243.0,242.25,241.75,241.25,240.5,240.0,239.5,238.75,238.25,237.75,237.25,236.5,236.0,235.5,235.0,234.5,234.0,233.5,232.75,232.25,231.75,231.5,230.75,230.25,229.75,229.25,229.0,228.5,228.0,227.5,227.0,226.5,226.0,225.5,225.25,224.75,224.25,223.75,223.5,223.0,222.5,222.0,221.75,221.25,220.75,220.5,220.0,219.5,219.25,218.75,218.5,218.0,217.5,217.25,216.75,216.5,216.0,215.75,215.25,215.0,214.5,214.25,213.75,213.5,213.0,212.75,212.5,212.0,211.75,211.25,211.0,210.75,210.25,210.0,209.75,209.25,209.0,208.75,208.25,208.0,207.75,207.25,207.0,206.75,206.5,206.0
252.25,251.75,251.0,250.25,249.5,249.0,248.25,247.5,247.0,246.25,245.5,245.0,244.25,243.75,243.0,242.5,242.0,241.25,240.75,240.0,239.5,239.0,238.5,237.75,237.25,236.75,236.25,235.5,235.0,234.5,234.0,233.5,233.0,232.5,232.0,231.5,231.0,230.5,230.0,229.5,229.0,228.5,228.0,227.5,227.25,226.75,226.25,225.75,225.25,224.75,224.5,224.0,223.5,223.25,222.75,222.25,221.75,221.5,221.0,220.5,220.25,219.75,219.5,219.0,218.5,218.25,217.75,217.5,217.0,216.75,216.25,216.0,215.5,215.25,214.75,214.5,214.0,213.75,213.25,213.0,212.5,212.25,212.0,211.5,211.25,210.75,210.5,210.25,209.75,209.5,209.25,208.75,208.5,208.25,207.75,207.5,207.25,207.0,206.5,206.25,206.0
251.75,251.0,250.25,249.75,249.0,248.25,247.75,247.0,246.25,245.75,245.0,244.5,243.75,243.25,242.5,242.0,241.5,240.75,240.25,239.75,239.0,238.5,238.0,237.5,236.75,236.25,235.75,235.25,234.75,234.25,233.75,233.25,232.75,232.25,231.75,231.25,230.75,230.25,229.75,229.25,228.75,228.25,227.75,227.25,226.75,226.5,226.0,225.5,225.0,224.5,224.25,223.75,223.25,222.75,222.5,222.0,221.5,221.25,220.75,220.5,220.0,219.5,219.25,218.75,218.5,218.0,217.75,217.25,216.75,216.5,216.0,215.75,215.25,215.0,214.5,214.25,214.0,213.5,213.25,212.75,212.5,212.0,211.75,211.5,211.0,210.75,210.5,210.0,209.75,209.5,209.0,208.75,208.5,208.0,207.75,207.5,207.25,207.0,206.5,206.25,206.0
251.0,250.5,249.75,249.0,248.5,247.75,247.0,246.5,245.75,245.25,244.5,244.0,243.25,242.75,242.25,241.5,241.0,240.25,239.75,239.25,238.75,238.0,237.5,237.0,236.5,236.0,235.5,234.75,234.25,233.75,233.25,232.75,232.25,231.75,231.25,230.75,230.25,229.75,229.25,229.0,228.5,228.0,227.5,227.0,226.5,226.25,225.75,225.25,224.75,224.25,224.0,223.5,223.0,222.75,222.25,221.75,221.5,221.0,220.5,220.25,219.75,219.5,219.0,218.5,218.25,217.75,217.5,217.0,216.75,216.25,216.0,215.5,215.25,214.75,214.5,214.0,213.75,213.5,213.0,212.75,212.25,212.0,211.75,211.25,211.0,210.75,210.25,210.0,209.75,209.25,209.0,208.75,208.25,208.0,207.75,207.5,207.0,206.75,206.5,206.25,206.0
250.5,249.75,249.25,248.5,247.75,247.25,246.5,246.0,245.25,244.75,244.0,243.5,242.75,242.25,241.75,241.0,240.5,240.0,239.25,238.75,238.25,237.75,237.25,236.5,236.0,235.5,235.0,234.5,234.0,233.5,233.0,232.5,232.0,231.5,231.0,230.5,230.0,229.5,229.0,228.5,228.25,227.75,227.25,226.75,226.25,225.75,225.5,225.0,224.5,224.25,223.75,223.25,222.75,222.5,222.0,221.5,221.25,220.75,220.5,220.0,219.5,219.25,218.75,218.5,218.0,217.75,217.25,217.0,216.5,216.25,215.75,215.5,215.0,214.75,214.25,214.0,213.75,213.25,213.0,212.5,212.25,212.0,211.5,211.25,211.0,210.5,210.25,210.0,209.5,209.25,209.0,208.5,208.25,208.0,207.75,207.25,207.0,206.75,206.5,206.25,205.75
250.0,249.25,248.5,248.0,247.25,246.75,246.0,245.5,244.75,244.25,243.5,243.0,242.5,241.75,241.25,240.75,240.0,239.5,239.0,238.5,237.75,237.25,236.75,236.25,235.75,235.25,234.75,234.25,233.75,233.25,232.75,232.25,231.75,231.25,230.75,230.25,229.75,229.25,228.75,228.25,228.0,227.5,227.0,226.5,226.0,225.75,225.25,224.75,224.25,224.0,223.5,223.0,222.75,222.25,221.75,221.5,221.0,220.75,220.25,219.75,219.5,219.0,218.75,218.25,218.0,217.5,217.25,216.75,216.5,216.0,215.75,215.25,215.0,214.5,214.25,214.0,213.5,213.25,212.75,212.5,212.25,211.75,211.5,211.25,210.75,210.5,210.25,210.0,209.5,209.25,209.0,208.5,208.25,208.0,207.75,207.25,207.0,206.75,206.5,206.25,205.75
249.5,248.75,248.0,247.5,246.75,246.25,245.5,245.0,244.25,243.75,243.25,242.5,242.0,241.5,240.75,240.25,239.75,239.0,238.5,238.0,237.5,237.0,236.5,236.0,235.25,234.75,234.25,233.75,233.25,232.75,232.25,231.75,231.5,231.0,230.5,230.0,229.5,229.0,228.5,228.0,227.75,227.25,226.75,226.25,225.75,225.5,225.0,224.5,224.25,223.75,223.25,223.0,222.5,222.0,221.75,221.25,221.0,220.5,220.0,219.75,219.25,219.0,218.5,218.25,217.75,217.5,217.0,216.75,216.25,216.0,215.5,215.25,215.0,214.5,214.25,213.75,213.5,213.25,212.75,212.5,212.25,211.75,211.5,211.25,210.75,210.5,210.25,209.75,209.5,209.25,209.0,208.5,208.25,208.0,207.75,207.25,207.0,206.75,206.5,206.25,205.75
248.75,248.25,247.5,247.0,246.25,245.75,245.0,244.5,243.75,243.25,242.75,242.0,241.5,241.0,240.5,239.75,239.25,238.75,238.25,237.75,237.25,236.5,236.0,235.5,235.0,234.5,234.0,233.5,233.0,232.5,232.0,231.5,231.0,230.75,230.25,229.75,229.25,228.75,228.25,227.75,227.5,227.0,226.5,226.0,225.75,225.25,224.75,224.5,224.0,223.5,223.25,222.75,222.25,222.0,221.5,221.25,220.75,220.25,220.0,219.5,219.25,218.75,218.5,218.0,217.75,217.25,217.0,216.5,216.25,215.75,215.5,215.25,214.75,214.5,214.0,213.75,213.5,213.0,212.75,212.5,212.0,211.75,211.5,211.0,210.75,210.5,210.25,209.75,209.5,209.25,209.0,208.5,208.25,208.0,207.75,207.25,207.0,206.75,206.5,206.25,205.75
248.25,247.75,247.0,246.5,245.75,245.25,244.5,244.0,243.5,242.75,242.25,241.75,241.25,240.5,240.0,239.5,239.0,238.25,237.75,237.25,236.75,236.25,235.75,235.25,234.75,234.25,233.75,233.25,232.75,232.25,231.75,231.25,230.75,230.5,230.0,229.5,229.0,228.5,228.0,227.75,227.25,226.75,226.25,226.0,225.5,225.0,224.75,224.25,223.75,223.5,223.0,222.5,222.25,221.75,221.5,221.0,220.5,220.25,219.75,219.5,219.0,218.75,218.25,218.0,217.5,217.25,217.0,216.5,216.25,215.75,215.5,215.0,214.75,214.5,214.0,213.75,213.5,213.0,212.75,212.5,212.0,211.75,211.5,211.0,210.75,210.5,210.25,209.75,209.5,209.25,209.0,208.5,208.25,208.0,207.75,207.5,207.0,206.75,206.5,206.25,206.0
247.75,247.25,246.5,246.0,245.25,244.75,244.25,243.5,243.0,242.5,241.75,241.25,240.75,240.25,239.75,239.0,238.5,238.0,237.5,237.0,236.5,236.0,235.5,235.0,234.5,234.0,233.5,233.0,232.5,232.0,231.5,231.0,230.5,230.0,229.75,229.25,228.75,228.25,228.0,227.5,227.0,226.5,226.25,225.75,225.25,225.0,224.5,224.0,223.75,223.25,222.75,222.5,222.0,221.75,221.25,221.0,220.5,220.25,219.75,219.25,219.0,218.75,218.25,218.0,217.5,217.25,216.75,216.5,216.25,215.75,215.5,215.0,214.75,214.5,214.0,213.75,213.5,213.0,212.75,212.5,212.0,211.75,211.5,211.0,210.75,210.5,210.25,209.75,209.5,209.25,209.0,208.75,208.25,208.0,207.75,207.5,207.25,207.0,206.5,206.25,206.0
247.25,246.75,246.0,245.5,245.0,244.25,243.75,243.25,242.5,242.0,241.5,241.0,240.25,239.75,239.25,238.75,238.25,237.75,237.25,236.75,236.25,235.75,235.25,234.75,234.25,233.75,233.25,232.75,232.25,231.75,231.25,230.75,230.5,230.0,229.5,229.0,228.5,228.25,227.75,227.25,226.75,226.5,226.0,225.5,225.25,224.75,224.25,224.0,223.5,223.25,222.75,222.25,222.0,221.5,221.25,220.75,220.5,220.0,219.75,219.25,219.0,218.5,218.25,217.75,217.5,217.25,216.75,216.5,216.0,215.75,215.5,215.0,214.75,214.5,214.0,213.75,213.5,213.0,212.75,212.5,212.0,211.75,211.5,211.25,210.75,210.5,210.25,210.0,209.5,209.25,209.0,208.75,208.5,208.0,207.75,207.5,207.25,207.0,206.75,206.5,206.0
246.75,246.25,245.75,245.0,244.5,244.0,243.25,242.75,242.25,241.75,241.0,240.5,240.0,239.5,239.0,238.5,238.0,237.25,236.75,236.25,235.75,235.25,234.75,234.5,234.0,233.5,233.0,232.5,232.0,231.5,231.0,230.5,230.25,229.75,229.25,228.75,228.5,228.0,227.5,227.0,226.75,226.25,225.75,225.5,225.0,224.5,224.25,223.75,223.5,223.0,222.75,222.25,222.0,221.5,221.0,220.75,220.25,220.0,219.5,219.25,219.0,218.5,218.25,217.75,217.5,217.0,216.75,216.5,216.0,215.75,215.5,215.0,214.75,214.5,214.0,213.75,213.5,213.0,212.75,212.5,212.25,211.75,211.5,211.25,211.0,210.5,210.25,210.0,209.75,209.5,209.0,208.75,208.5,208.25,208.0,207.5,207.25,207.0,206.75,206.5,206.25
246.25,245.75,245.25,244.5,244.0,243.5,243.0,242.25,241.75,241.25,240.75,240.25,239.5,239.0,238.5,238.0,237.5,237.0,236.5,236.0,235.5,235.0,234.5,234.0,233.5,233.25,232.75,232.25,231.75,231.25,230.75,230.5,230.0,229.5,229.0,228.75,228.25,227.75,227.5,227.0,226.5,226.0,225.75,225.25,225.0,224.5,224.0,223.75,223.25,223.0,222.5,222.25,221.75,221.5,221.0,220.75,220.25,220.0,219.5,219.25,218.75,218.5,218.25,217.75,217.5,217.0,216.75,216.5,216.0,215.75,215.5,215.0,214.75,214.5,214.0,213.75,213.5,213.25,212.75,212.5,212.25,212.0,211.5,211.25,211.0,210.75,210.25,210.0,209.75,209.5,209.25,209.0,208.5,208.25,208.0,207.75,207.5,207.25,207.0,206.5,206.25
246.0,245.25,244.75,244.25,243.5,243.0,242.5,242.0,241.25,240.75,240.25,239.75,239.25,238.75,238.25,237.75,237.25,236.75,236.25,235.75,235.25,234.75,234.25,233.75,233.25,233.0,232.5,232.0,231.5,231.0,230.75,230.25,229.75,229.25,229.0,228.5,228.0,227.75,227.25,226.75,226.5,226.0,225.5,225.25,224.75,224.5,224.0,223.75,223.25,222.75,222.5,222.0,221.75,221.25,221.0,220.5,220.25,220.0,219.5,219.25,218.75,218.5,218.25,217.75,217.5,217.0,216.75,216.5,216.0,215.75,215.5,215.0,214.75,214.5,214.25,213.75,213.5,213.25,213.0,212.5,212.25,212.0,211.75,211.25,211.0,210.75,210.5,210.25,210.0,209.5,209.25,209.0,208.75,208.5,208.25,208.0,207.5,207.25,207.0,206.75,206.5
245.25,244.75,244.25,243.75,243.0,242.5,242.0,241.5,241.0,240.5,240.0,239.5,239.0,238.5,237.75,237.5,237.0,236.5,236.0,235.5,235.0,234.5,234.0,233.5,233.0,232.75,232.25,231.75,231.25,230.75,230.5,230.0,229.5,229.25,228.75,228.25,228.0,227.5,227.0,226.75,226.25,225.75,225.5,225.0,224.75,224.25,224.0,223.5,223.25,222.75,222.5,222.0,221.75,221.25,221.0,220.5,220.25,219.75,219.5,219.25,218.75,218.5,218.25,217.75,217.5,217.25,216.75,216.5,216.25,215.75,215.5,215.25,214.75,214.5,214.25,214.0,213.5,213.25,213.0,212.75,212.5,212.0,211.75,211.5,211.25,211.0,210.5,210.25,210.0,209.75,209.5,209.25,209.0,208.5,208.25,208.0,207.75,207.5,207.25,207.0,206.75
244.75,244.25,243.75,243.25,242.5,242.0,241.5,241.0,240.5,240.0,239.5,239.0,238.5,238.0,237.5,237.0,236.5,236.0,235.5,235.0,234.75,234.25,233.75,233.25,232.75,232.5,232.0,231.5,231.0,230.75,230.25,229.75,229.25,229.0,228.5,228.25,227.75,227.25,227.0,226.5,226.0,225.75,225.25,225.0,224.5,224.25,223.75,223.5,223.0,222.75,222.25,222.0,221.5,221.25,221.0,220.5,220.25,219.75,219.5,219.25,218.75,218.5,218.25,217.75,217.5,217.25,216.75,216.5,216.25,215.75,215.5,215.25,215.0,214.5,214.25,214.0,213.75,213.25,213.0,212.75,212.5,212.25,212.0,211.5,211.25,211.0,210.75,210.5,210.25,209.75,209.5,209.25,209.0,208.75,208.5,208.25,208.0,207.75,207.5,207.25,207.0
244.25,243.75,243.25,242.75,242.0,241.5,241.0,240.5,240.0,239.5,239.0,238.5,238.0,237.5,237.0,236.5,236.25,235.75,235.25,234.75,234.25,233.75,233.5,233.0,232.5,232.0,231.75,231.25,230.75,230.25,230.0,229.5,229.25,228.75,228.25,228.0,227.5,227.0,226.75,226.25,226.0,225.5,225.25,224.75,224.5,224.0,223.75,223.25,223.0,222.5,222.25,222.0,221.5,221.25,220.75,220.5,220.25,219.75,219.5,219.0,218.75,218.5,218.25,217.75,217.5,217.25,216.75,216.5,216.25,216.0,215.5,215.25,215.0,214.75,214.25,214.0,213.75,213.5,213.25,212.75,212.5,212.25,212.0,211.75,211.5,211.25,210.75,210.5,210.25,210.0,209.75,209.5,209.25,209.0,208.75,208.5,208.25,208.0,207.5,207.25,207.0
243.5,243.0,242.5,242.0,241.5,241.0,240.5,240.0,239.5,239.0,238.5,238.0,237.5,237.0,236.5,236.0,235.75,235.25,234.75,234.25,233.75,233.5,233.0,232.5,232.0,231.75,231.25,230.75,230.5,230.0,229.5,229.25,228.75,228.5,228.0,227.5,227.25,226.75,226.5,226.0,225.75,225.25,225.0,224.5,224.25,223.75,223.5,223.0,222.75,222.5,222.0,221.75,221.25,221.0,220.75,220.25,220.0,219.75,219.25,219.0,218.75,218.25,218.0,217.75,217.5,217.0,216.75,216.5,216.25,215.75,215.5,215.25,215.0,214.75,214.25,214.0,213.75,213.5,213.25,213.0,212.5,212.25,212.0,211.75,211.5,211.25,211.0,210.75,210.5,210.0,209.75,209.5,209.25,209.0,208.75,208.5,208.25,208.0,207.75,207.5,207.25
242.5,242.0,241.5,241.0,240.5,240.0,239.5,239.0,238.5,238.25,237.75,237.25,236.75,236.25,235.75,235.25,235.0,234.5,234.0,233.5,233.25,232.75,232.25,231.75,231.5,231.0,230.5,230.25,229.75,229.5,229.0,228.5,228.25,227.75,227.5,227.0,226.75,226.25,226.0,225.5,225.25,224.75,224.5,224.0,223.75,223.5,223.0,222.75,222.25,222.0,221.75,221.25,221.0,220.5,220.25,220.0,219.5,219.25,219.0,218.75,218.25,218.0,217.75,217.5,217.0,216.75,216.5,216.25,215.75,215.5,215.25,215.0,214.75,214.5,214.0,213.75,213.5,213.25,213.0,212.75,212.5,212.25,211.75,211.5,211.25,211.0,210.75,210.5,210.25,210.0,209.75,209.5,209.25,209.0,208.75,208.5,208.25,208.0,207.75,207.5,207.25
240.75,240.25,239.75,239.25,238.75,238.25,237.75,237.25,236.75,236.25,235.75,235.5,235.0,234.5,234.0,233.5,233.25,232.75,232.25,231.75,231.5,231.0,230.75,230.25,229.75,229.5,229.0,228.5,228.25,227.75,227.5,227.0,226.75,226.25,225.75,225.5,225.25,224.75,224.5,224.0,223.75,223.25,223.0,222.5,222.25,222.0,221.5,221.25,221.0,220.5,220.25,220.0,219.5,219.25,219.0,218.5,218.25,218.0,217.5,217.25,217.0,216.75,216.5,216.0,215.75,215.5,215.25,214.75,214.5,214.25,214.0,213.75,213.5,213.25,212.75,212.5,212.25,212.0,211.75,211.5,211.25,211.0,210.75,210.5,210.0,209.75,209.5,209.25,209.0,208.75,208.5,208.25,208.0,207.75,207.5,207.25,207.0,206.75,206.5,206.25,206.0
237.25,236.75,235.0,234.75,234.25,243.0,242.25,241.75,231.75,231.5,231.5,230.5,231.25,230.0,229.25,228.75,228.25,228.5,228.5,228.5,226.75,227.75,226.25,226.75,226.0,226.0,225.25,224.25,224.5,230.0,223.0,224.0,221.5,222.5,221.75,222.0,221.25,218.5,219.75,220.5,220.5,218.0,223.75,218.75,217.5,217.75,222.5,217.75,216.25,215.25,215.75,214.75,215.0,215.75,214.25,218.5,214.5,214.25,213.0,213.75,213.5,211.75,211.75,212.5,212.0,210.0,210.0,208.5,209.5,210.25,208.75,210.25,212.5,207.5,209.0,208.5,206.5,207.25,207.25,207.25,206.5,207.25,205.75,204.0,206.25,203.25,205.5,204.25,203.75,204.5,204.0,202.25,205.5,202.25,202.5,205.0,200.25,201.75,202.5,204.0,201.25
237.5,236.25,242.75,235.25,234.75,235.25,233.75,234.0,233.0,232.5,232.0,238.0,237.75,237.0,236.25,235.75,229.5,229.25,228.75,228.5,228.5,226.0,227.5,232.0,225.75,226.0,226.25,226.0,229.0,229.25,224.75,228.25,222.0,223.5,223.0,220.75,226.0,222.0,225.0,218.75,224.5,224.0,220.25,218.75,222.75,219.5,221.75,215.5,216.5,216.25,220.25,219.75,217.0,216.75,216.75,218.5,214.75,215.25,217.25,213.25,216.5,213.25,216.0,215.5,213.0,211.75,214.25,212.5,209.25,211.0,211.25,212.75,212.5,209.25,209.75,210.5,211.25,206.75,206.25,208.0,208.0,209.5,209.25,206.75,204.75,206.75,208.0,205.25,204.75,205.75,202.5,206.5,206.25,206.0,203.75,204.25,205.0,204.75,202.75,203.25,204.0
242.5,237.5,237.25,237.75,240.25,239.75,239.25,238.75,235.0,234.0,234.75,236.75,236.25,235.5,232.0,232.0,232.0,232.0,233.25,232.75,229.25,232.0,229.5,229.75,230.25,230.0,227.75,228.25,227.5,228.25,228.0,225.5,227.0,225.25,226.25,225.75,224.0,222.5,223.75,224.25,223.75,221.75,222.0,222.0,222.25,222.0,221.5,220.5,220.75,220.5,220.0,218.75,219.25,219.0,218.75,216.75,217.75,217.75,217.25,217.0,217.0,217.25,216.0,215.5,216.25,216.0,214.5,214.25,213.25,214.0,214.75,213.0,212.75,214.0,212.0,211.75,211.5,213.0,211.0,210.5,209.75,212.0,209.75,209.5,208.75,208.75,208.5,208.25,207.75,207.75,207.5,207.25,207.5,206.5,206.25,205.5,206.0,205.5,205.25,205.0,206.75
240.25,240.0,246.25,246.0,238.5,237.75,237.5,237.0,236.0,243.0,235.75,235.25,234.75,234.5,234.0,241.25,233.0,232.75,239.5,231.75,231.5,231.0,230.75,230.25,229.75,229.5,229.0,228.75,235.75,236.0,227.5,227.25,235.25,234.75,226.0,225.75,225.25,233.25,233.25,224.25,224.0,231.5,231.5,223.0,222.5,222.25,221.75,229.75,221.25,221.0,220.5,229.25,229.5,229.25,219.25,219.0,218.75,227.75,218.25,217.75,217.5,217.25,226.25,216.75,216.25,216.0,215.75,224.5,224.75,215.0,214.75,214.25,214.0,223.5,213.5,213.25,213.0,212.75,212.5,222.75,212.0,211.75,211.5,211.25,221.5,210.75,210.5,210.25,210.0,219.75,209.5,209.25,209.0,208.75,208.5,217.25,217.5,207.75,207.5,207.25,207.25
240.25,240.0,239.75,239.25,282.0,238.5,238.25,237.75,237.5,237.25,236.75,236.5,236.25,235.75,235.5,235.25,234.75,234.5,234.25,233.75,233.5,233.25,233.0,276.5,232.25,232.0,231.75,231.75,231.0,276.25,230.75,230.5,230.25,230.0,229.5,229.25,229.25,229.0,228.75,228.5,228.0,227.75,227.5,227.25,227.25,272.75,226.75,226.25,226.25,225.75,225.75,225.5,225.0,225.25,224.75,224.5,224.25,224.0,224.0,224.0,223.5,223.25,223.25,222.25,269.75,222.0,221.75,270.0,221.5,221.25,221.25,220.75,221.25,221.0,220.75,220.75,220.5,220.5,220.25,220.0,220.25,219.75,219.75,219.5,219.5,219.25,219.0,219.0,218.75,218.5,218.5,218.25,218.25,217.75,218.0,217.75,217.75,217.5,273.25,217.25,217.25
223.0,221.5,221.25,220.5,219.75,219.25,218.5,218.0,217.5,216.75,216.5,216.0,215.25,215.5,215.0,214.5,214.0,213.5,212.25,211.75,211.25,210.75,210.0,209.5,209.5,208.5,208.25,208.0,207.25,206.75,206.25,205.75,205.5,205.25,204.75,203.75,203.5,203.0,202.5,202.25,201.75,201.25,200.5,199.75,199.75,199.0,199.25,198.25,198.0,197.75,196.75,196.25,196.0,196.0,195.0,195.0,194.0,193.75,193.0,193.0,192.25,191.75,191.5,191.0,191.0,190.25,190.25,189.5,189.0,188.75,188.5,188.0,187.75,187.0,186.5,186.5,186.0,185.5,185.25,185.25,184.25,184.0,183.75,183.75,182.75,182.5,182.5,181.75,181.5,181.25,180.75,180.5,180.25,179.5,179.25,179.25,178.75,178.5,177.75,177.5,177.25
165.25,165.0,164.5,164.25,164.0,163.75,163.5,163.25,163.0,162.5,162.25,162.0,161.75,161.5,161.25,161.0,160.75,160.5,160.25,159.75,159.5,159.25,159.0,158.75,158.5,158.25,158.0,157.75,157.5,157.25,157.0,156.75,156.5,156.25,156.0,155.75,155.5,155.25,155.0,154.75,154.5,154.25,154.0,153.75,153.5,153.25,153.0,152.75,152.5,152.25,152.0,151.75,151.5,151.25,151.0,150.75,150.75,150.5,150.25,149.75,149.75,149.5,149.25,149.0,148.75,148.5,148.5,148.25,148.0,147.75,147.5,147.25,147.0,146.75,146.75,146.5,146.25,146.0,145.75,145.5,145.25,145.25,145.0,144.75,144.5,144.25,144.0,144.0,143.75,143.5,143.5,143.0,142.75,142.75,142.5,142.25,142.0,142.0,141.75,141.5,141.25
136.5,136.5,136.25,136.0,136.0,135.75,135.5,135.25,135.0,134.75,134.75,134.75,134.5,134.25,134.0,134.0,133.75,133.5,133.25,133.25,133.0,133.0,132.75,132.5,132.5,132.25,132.0,132.0,131.75,131.5,131.5,131.25,131.0,131.0,130.75,130.5,130.5,130.25,130.0,129.75,129.75,129.5,129.5,129.25,129.0,129.0,128.75,128.5,128.5,128.25,128.25,128.0,127.75,127.5,127.5,127.25,127.25,127.0,127.0,126.75,126.5,126.5,126.25,126.25,126.0,125.75,125.75,125.5,125.25,125.25,125.0,125.0,124.75,124.5,124.5,124.25,124.25,124.0,124.0,124.0,123.75,123.75,123.5,123.5,123.25,123.25,123.0,122.75,122.75,122.5,122.5,122.25,122.25,122.0,122.0,121.75,121.5,121.5,121.25,121.25,121.0
118.75,118.5,118.5,118.25,118.0,118.0,117.75,117.75,117.5,117.5,117.25,117.25,117.0,117.0,116.75,116.75,116.5,116.5,116.25,116.25,116.0,116.0,115.75,115.75,115.5,115.5,115.5,115.25,115.25,115.0,114.75,114.75,114.75,114.5,114.5,114.25,114.25,114.0,114.0,113.75,113.75,113.75,113.5,113.5,113.25,113.25,113.0,113.0,112.75,112.75,112.5,112.5,112.25,112.25,112.25,112.0,112.0,111.75,111.75,111.5,111.5,111.5,111.25,111.0,111.0,111.0,110.75,110.75,110.5,110.5,110.25,110.25,110.25,110.0,110.0,109.75,109.75,109.5,109.5,109.25,109.25,109.0,109.0,109.0,108.75,108.75,108.75,108.5,108.5,108.25,108.25,108.25,108.25,108.0,108.0,107.75,107.75,107.75,107.5,107.5,107.25
106.0,105.75,105.75,105.5,105.5,105.5,105.25,105.25,105.0,105.0,105.0,104.75,104.75,104.5,104.5,104.5,104.25,104.25,104.25,104.0,104.0,104.0,103.75,103.75,103.5,103.5,103.5,103.25,103.25,103.25,103.0,103.0,103.0,102.75,102.75,102.5,102.5,102.5,102.25,102.25,102.25,102.0,102.0,102.0,101.75,101.75,101.75,101.5,101.5,101.5,101.25,101.25,101.25,101.0,101.0,100.75,100.75,100.75,100.5,100.5,100.5,100.25,100.25,100.25,100.0,100.0,100.0,99.75,99.75,99.75,99.5,99.5,99.5,99.25,99.25,99.25,99.0,99.0,99.0,98.75,98.75,98.5,98.5,98.5,98.25,98.25,98.25,98.0,98.0,98.0,97.75,97.75,97.75,97.75,97.5,97.5,97.5,97.25,97.25,97.25,97.0
96.25,96.25,96.25,96.0,96.0,95.75,96.0,95.75,95.75,95.5,95.5,95.5,95.25,95.25,95.25,95.25,95.0,95.0,95.0,94.75,94.75,94.75,94.75,94.5,94.5,94.5,94.25,94.25,94.25,94.25,94.0,94.0,94.0,93.75,93.75,93.75,93.5,93.5,93.5,93.5,93.25,93.25,93.25,93.0,93.0,93.0,93.0,92.75,92.75,92.75,92.5,92.5,92.5,92.25,92.25,92.25,92.25,92.0,92.0,92.0,91.75,91.75,91.75,91.75,91.5,91.5,91.5,91.25,91.25,91.25,91.25,91.0,91.0,91.0,91.0,90.75,90.75,90.75,90.5,90.5,90.5,90.5,90.25,90.25,90.25,90.25,90.0,90.0,90.0,90.0,89.75,89.75,89.75,89.75,89.5,89.5,89.5,89.5,89.25,89.25,89.25
